-- MySQL dump 10.13  Distrib 8.0.27, for Win64 (x86_64)
--
-- Host: localhost    Database: nutrient
-- ------------------------------------------------------
-- Server version	8.0.27

/*!40101 SET @OLD_CHARACTER_SET_CLIENT=@@CHARACTER_SET_CLIENT */;
/*!40101 SET @OLD_CHARACTER_SET_RESULTS=@@CHARACTER_SET_RESULTS */;
/*!40101 SET @OLD_COLLATION_CONNECTION=@@COLLATION_CONNECTION */;
/*!50503 SET NAMES utf8 */;
/*!40103 SET @OLD_TIME_ZONE=@@TIME_ZONE */;
/*!40103 SET TIME_ZONE='+00:00' */;
/*!40014 SET @OLD_UNIQUE_CHECKS=@@UNIQUE_CHECKS, UNIQUE_CHECKS=0 */;
/*!40014 SET @OLD_FOREIGN_KEY_CHECKS=@@FOREIGN_KEY_CHECKS, FOREIGN_KEY_CHECKS=0 */;
/*!40101 SET @OLD_SQL_MODE=@@SQL_MODE, SQL_MODE='NO_AUTO_VALUE_ON_ZERO' */;
/*!40111 SET @OLD_SQL_NOTES=@@SQL_NOTES, SQL_NOTES=0 */;

--
-- Table structure for table `automation_ac`
--

DROP TABLE IF EXISTS `automation_ac`;
/*!40101 SET @saved_cs_client     = @@character_set_client */;
/*!50503 SET character_set_client = utf8mb4 */;
CREATE TABLE `automation_ac` (
  `id` int NOT NULL AUTO_INCREMENT,
  `start` float DEFAULT NULL,
  `end` float DEFAULT NULL,
  `active` tinyint DEFAULT NULL,
  `createdAt` datetime DEFAULT CURRENT_TIMESTAMP,
  PRIMARY KEY (`id`)
) ENGINE=InnoDB AUTO_INCREMENT=12 DEFAULT CHARSET=utf8mb4 ;
/*!40101 SET character_set_client = @saved_cs_client */;

--
-- Dumping data for table `automation_ac`
--

LOCK TABLES `automation_ac` WRITE;
/*!40000 ALTER TABLE `automation_ac` DISABLE KEYS */;
INSERT INTO `automation_ac` VALUES (1,0,0,NULL,NULL),(2,0,0,NULL,NULL),(3,20,36,NULL,NULL),(4,19,31,NULL,NULL),(5,20,36,NULL,NULL),(6,21,34,NULL,NULL),(7,23,30,NULL,NULL),(8,23,30,1,'2022-04-24 17:54:38'),(9,23,30,0,'2022-04-24 18:06:37'),(10,23,30,1,'2022-04-24 18:17:16'),(11,23,30,1,'2022-04-26 15:30:30');
/*!40000 ALTER TABLE `automation_ac` ENABLE KEYS */;
UNLOCK TABLES;

--
-- Table structure for table `automation_fan`
--

DROP TABLE IF EXISTS `automation_fan`;
/*!40101 SET @saved_cs_client     = @@character_set_client */;
/*!50503 SET character_set_client = utf8mb4 */;
CREATE TABLE `automation_fan` (
  `id` int NOT NULL AUTO_INCREMENT,
  `term` int DEFAULT NULL,
  `active` tinyint DEFAULT NULL,
  `createdAt` datetime DEFAULT CURRENT_TIMESTAMP,
  PRIMARY KEY (`id`)
) ENGINE=InnoDB AUTO_INCREMENT=14 DEFAULT CHARSET=utf8mb4;
/*!40101 SET character_set_client = @saved_cs_client */;

--
-- Dumping data for table `automation_fan`
--

LOCK TABLES `automation_fan` WRITE;
/*!40000 ALTER TABLE `automation_fan` DISABLE KEYS */;
INSERT INTO `automation_fan` VALUES (1,5,NULL,NULL),(2,8,NULL,NULL),(3,12,NULL,NULL),(4,2,NULL,NULL),(5,3,NULL,'2022-04-24 10:35:40'),(6,0,NULL,'2022-04-24 11:35:50'),(7,5,1,'2022-04-24 17:55:15'),(8,5,0,'2022-04-24 18:06:39'),(9,5,1,'2022-04-24 18:09:31'),(10,2,1,'2022-04-24 18:17:10'),(11,4,0,'2022-04-24 22:23:47'),(12,4,1,'2022-04-26 15:30:25'),(13,4,0,'2022-05-01 22:53:10');
/*!40000 ALTER TABLE `automation_fan` ENABLE KEYS */;
UNLOCK TABLES;

--
-- Table structure for table `automation_history`
--

DROP TABLE IF EXISTS `automation_history`;
/*!40101 SET @saved_cs_client     = @@character_set_client */;
/*!50503 SET character_set_client = utf8mb4 */;
CREATE TABLE `automation_history` (
  `id` int NOT NULL AUTO_INCREMENT,
  `subject` varchar(50) DEFAULT NULL,
  `createdAt` datetime DEFAULT CURRENT_TIMESTAMP,
  `isCompleted` int DEFAULT NULL,
  PRIMARY KEY (`id`)
) ENGINE=InnoDB AUTO_INCREMENT=83 DEFAULT CHARSET=utf8mb4 ;
/*!40101 SET character_set_client = @saved_cs_client */;

--
-- Dumping data for table `automation_history`
--

LOCK TABLES `automation_history` WRITE;
/*!40000 ALTER TABLE `automation_history` DISABLE KEYS */;
INSERT INTO `automation_history` VALUES (1,'spray','2022-01-07 21:58:16',1),(10,'spray','2022-04-27 23:00:53',0),(11,'spray','2022-04-27 23:01:35',1),(12,'watersupply','2022-04-27 23:02:17',0),(13,'watersupply','2022-04-27 23:05:28',0),(14,'watersupply','2022-04-27 23:10:01',0),(15,'watersupply','2022-04-27 23:14:17',0),(16,'watersupply','2022-04-27 23:19:05',0),(17,'watersupply','2022-04-27 23:23:53',0),(18,'watersupply','2022-04-27 23:29:08',0),(19,'watersupply','2022-04-27 23:29:41',0),(20,'spray','2022-04-27 23:41:23',0),(21,'spray','2022-04-27 23:42:35',1),(22,'watersupply','2022-04-27 23:43:38',0),(23,'watersupply','2022-04-27 23:46:46',0),(24,'watersupply','2022-04-27 23:51:27',0),(25,'watersupply','2022-04-28 00:18:51',0),(26,'watersupply','2022-04-28 00:22:32',0),(27,'watersupply','2022-04-28 00:26:47',0),(28,'watersupply','2022-04-28 00:31:59',0),(29,'watersupply','2022-04-28 21:27:54',0),(30,'watersupply','2022-04-28 22:14:04',0),(31,'watersupply','2022-04-28 22:14:34',0),(32,'watersupply','2022-04-28 22:28:00',0),(33,'watersupply','2022-04-28 22:41:58',0),(34,'watersupply','2022-04-28 22:42:56',0),(35,'watersupply','2022-04-28 22:47:36',0),(36,'watersupply','2022-04-28 22:48:47',0),(37,'watersupply','2022-04-28 22:49:20',0),(38,'watersupply','2022-04-28 22:50:07',0),(39,'watersupply','2022-04-28 22:51:23',0),(40,'watersupply','2022-04-28 22:52:38',0),(41,'watersupply','2022-04-28 22:58:03',0),(42,'watersupply','2022-04-28 22:58:30',0),(43,'watersupply','2022-04-28 22:59:17',0),(44,'watersupply','2022-04-28 23:05:09',0),(45,'spray','2022-04-28 23:12:51',0),(46,'spray','2022-04-28 23:14:03',1),(47,'watersupply','2022-04-28 23:18:20',0),(48,'spray','2022-04-28 23:21:31',0),(49,'water','2022-04-28 23:21:31',0),(50,'watersupply','2022-04-28 23:23:29',0),(51,'watersupply','2022-04-28 23:43:23',0),(52,'spray','2022-04-29 00:02:31',0),(53,'spray','2022-04-29 00:03:43',1),(54,'watersupply','2022-04-29 00:03:43',0),(55,'watersupply','2022-04-29 00:05:59',0),(56,'watersupply','2022-04-29 00:10:44',0),(57,'watersupply','2022-04-29 00:29:20',0),(58,'watersupply','2022-04-29 00:32:58',0),(59,'spray','2022-04-29 00:38:17',0),(60,'spray','2022-04-29 00:39:29',1),(61,'watersupply','2022-04-29 00:39:29',0),(62,'watersupply','2022-04-29 00:39:35',0),(63,'spray','2022-05-01 00:54:06',0),(64,'spray','2022-05-01 00:55:18',1),(65,'watersupply','2022-05-01 00:55:18',0),(66,'spray','2022-05-01 20:29:20',0),(67,'spray','2022-05-01 20:30:32',1),(68,'watersupply','2022-05-01 20:30:32',0),(69,'spray','2022-05-01 22:07:12',0),(70,'spray','2022-05-01 22:08:18',1),(71,'watersupply','2022-05-01 22:08:18',0),(72,'spray','2022-05-01 23:11:25',0),(73,'spray','2022-05-01 23:12:31',1),(74,'watersupply','2022-05-01 23:12:31',0),(75,'spray','2022-05-03 18:59:57',0),(76,'spray','2022-05-03 19:01:03',1),(77,'watersupply','2022-05-03 19:01:03',0),(78,'spray','2022-05-03 20:34:55',0),(79,'spray','2022-05-03 20:36:01',1),(80,'watersupply','2022-05-03 20:36:01',0),(81,'watersupply','2022-05-03 20:42:35',0),(82,'watersupply','2022-05-03 20:43:17',0);
/*!40000 ALTER TABLE `automation_history` ENABLE KEYS */;
UNLOCK TABLES;

--
-- Table structure for table `automation_led`
--

DROP TABLE IF EXISTS `automation_led`;
/*!40101 SET @saved_cs_client     = @@character_set_client */;
/*!50503 SET character_set_client = utf8mb4 */;
CREATE TABLE `automation_led` (
  `id` int NOT NULL AUTO_INCREMENT,
  `start` varchar(30) DEFAULT NULL,
  `end` varchar(30) DEFAULT NULL,
  `active` tinyint DEFAULT NULL,
  `createdAt` datetime DEFAULT CURRENT_TIMESTAMP,
  PRIMARY KEY (`id`)
) ENGINE=InnoDB AUTO_INCREMENT=24 DEFAULT CHARSET=utf8mb4 ;
/*!40101 SET character_set_client = @saved_cs_client */;

--
-- Dumping data for table `automation_led`
--

LOCK TABLES `automation_led` WRITE;
/*!40000 ALTER TABLE `automation_led` DISABLE KEYS */;
INSERT INTO `automation_led` VALUES (19,'02:09:00','03:11:00',1,'2022-04-25 00:03:30'),(20,'02:10:00','03:15:00',1,'2022-04-25 00:06:47'),(21,'03:21:00','07:36:00',1,'2022-04-25 00:07:57'),(22,'00:01:00','07:36:00',1,'2022-04-25 00:32:31'),(23,'01:06','01:14',1,'2022-05-01 21:54:30');
/*!40000 ALTER TABLE `automation_led` ENABLE KEYS */;
UNLOCK TABLES;

--
-- Table structure for table `automation_rooffan`
--

DROP TABLE IF EXISTS `automation_rooffan`;
/*!40101 SET @saved_cs_client     = @@character_set_client */;
/*!50503 SET character_set_client = utf8mb4 */;
CREATE TABLE `automation_rooffan` (
  `id` int NOT NULL AUTO_INCREMENT,
  `term` int DEFAULT NULL,
  `active` tinyint DEFAULT NULL,
  `createdAt` datetime DEFAULT CURRENT_TIMESTAMP,
  PRIMARY KEY (`id`)
) ENGINE=InnoDB AUTO_INCREMENT=13 DEFAULT CHARSET=utf8mb4 ;
/*!40101 SET character_set_client = @saved_cs_client */;

--
-- Dumping data for table `automation_rooffan`
--

LOCK TABLES `automation_rooffan` WRITE;
/*!40000 ALTER TABLE `automation_rooffan` DISABLE KEYS */;
INSERT INTO `automation_rooffan` VALUES (1,4,NULL,NULL),(2,9,NULL,NULL),(3,12,NULL,NULL),(4,15,NULL,NULL),(5,2,NULL,NULL),(6,24,NULL,NULL),(7,6,1,'2022-04-24 17:54:57'),(8,6,1,'2022-04-24 17:57:25'),(9,6,0,'2022-04-24 18:06:35'),(10,2,1,'2022-04-24 18:17:14'),(11,2,1,'2022-04-26 15:30:28'),(12,2,0,'2022-05-01 22:53:12');
/*!40000 ALTER TABLE `automation_rooffan` ENABLE KEYS */;
UNLOCK TABLES;

--
-- Table structure for table `humidity`
--

DROP TABLE IF EXISTS `humidity`;
/*!40101 SET @saved_cs_client     = @@character_set_client */;
/*!50503 SET character_set_client = utf8mb4 */;
CREATE TABLE `humidity` (
  `id` int NOT NULL AUTO_INCREMENT,
  `value` varchar(45) DEFAULT NULL,
  `createdAt` datetime DEFAULT CURRENT_TIMESTAMP,
  PRIMARY KEY (`id`)
) ENGINE=InnoDB AUTO_INCREMENT=321 DEFAULT CHARSET=utf8mb4 ;
/*!40101 SET character_set_client = @saved_cs_client */;

--
-- Dumping data for table `humidity`
--

LOCK TABLES `humidity` WRITE;
/*!40000 ALTER TABLE `humidity` DISABLE KEYS */;
INSERT INTO `humidity` VALUES (1,'21','2021-12-06 01:52:57'),(2,'21','2021-12-06 06:32:28'),(3,'21','2021-12-10 16:51:50'),(4,'21','2021-12-10 16:51:51'),(5,'21','2021-12-10 16:51:52'),(6,'21','2021-12-09 19:52:17'),(7,'21','2021-12-09 19:52:17'),(8,'21','2021-12-09 19:52:17'),(9,'21','2021-12-09 19:52:17'),(10,'21','2021-12-09 19:52:17'),(11,'21','2021-12-09 19:52:17'),(12,'21','2021-12-09 19:52:17'),(13,'21','2021-12-09 19:52:17'),(14,'21','2021-12-09 19:52:17'),(15,'21','2021-12-09 19:52:17'),(16,'21','2021-12-09 19:52:17'),(17,'21','2021-12-09 19:52:17'),(18,'21','2021-12-09 19:52:17'),(19,'21','2021-12-09 19:52:17'),(20,'21','2021-12-09 19:52:17'),(21,'21','2021-12-09 19:52:17'),(22,'21','2021-12-09 19:52:17'),(23,'21','2021-12-09 19:52:17'),(24,'21','2021-12-09 19:52:17'),(25,'21','2021-12-10 00:06:31'),(26,'21','2021-12-10 00:06:31'),(27,'21','2021-12-10 00:06:31'),(28,'14','2021-12-13 00:10:32'),(29,'13','2021-12-13 00:10:33'),(30,'145','2021-12-13 00:10:38'),(31,'145','2021-12-13 00:10:38'),(32,'41','2021-12-14 21:57:03'),(33,'46','2022-05-01 00:00:00'),(34,'52','2022-05-01 00:05:00'),(35,'53','2022-05-01 00:10:00'),(36,'48','2022-05-01 00:15:00'),(37,'46','2022-05-01 00:20:00'),(38,'48','2022-05-01 00:25:00'),(39,'48','2022-05-01 00:30:00'),(40,'52','2022-05-01 00:35:00'),(41,'47','2022-05-01 00:40:00'),(42,'46','2022-05-01 00:45:00'),(43,'54','2022-05-01 00:50:00'),(44,'54','2022-05-01 00:55:00'),(45,'48','2022-05-01 01:00:00'),(46,'52','2022-05-01 01:05:00'),(47,'49','2022-05-01 01:10:00'),(48,'45','2022-05-01 01:15:00'),(49,'54','2022-05-01 01:20:00'),(50,'52','2022-05-01 01:25:00'),(51,'46','2022-05-01 01:30:00'),(52,'53','2022-05-01 01:35:00'),(53,'51','2022-05-01 01:40:00'),(54,'45','2022-05-01 01:45:00'),(55,'52','2022-05-01 01:50:00'),(56,'51','2022-05-01 01:55:00'),(57,'51','2022-05-01 02:00:00'),(58,'45','2022-05-01 02:05:00'),(59,'48','2022-05-01 02:10:00'),(60,'47','2022-05-01 02:15:00'),(61,'49','2022-05-01 02:20:00'),(62,'47','2022-05-01 02:25:00'),(63,'53','2022-05-01 02:30:00'),(64,'47','2022-05-01 02:35:00'),(65,'50','2022-05-01 02:40:00'),(66,'53','2022-05-01 02:45:00'),(67,'54','2022-05-01 02:50:00'),(68,'46','2022-05-01 02:55:00'),(69,'47','2022-05-01 03:00:00'),(70,'54','2022-05-01 03:05:00'),(71,'51','2022-05-01 03:10:00'),(72,'46','2022-05-01 03:15:00'),(73,'46','2022-05-01 03:20:00'),(74,'52','2022-05-01 03:25:00'),(75,'54','2022-05-01 03:30:00'),(76,'48','2022-05-01 03:35:00'),(77,'45','2022-05-01 03:40:00'),(78,'54','2022-05-01 03:45:00'),(79,'50','2022-05-01 03:50:00'),(80,'46','2022-05-01 03:55:00'),(81,'50','2022-05-01 04:00:00'),(82,'45','2022-05-01 04:05:00'),(83,'52','2022-05-01 04:10:00'),(84,'52','2022-05-01 04:15:00'),(85,'52','2022-05-01 04:20:00'),(86,'47','2022-05-01 04:25:00'),(87,'52','2022-05-01 04:30:00'),(88,'45','2022-05-01 04:35:00'),(89,'47','2022-05-01 04:40:00'),(90,'51','2022-05-01 04:45:00'),(91,'45','2022-05-01 04:50:00'),(92,'45','2022-05-01 04:55:00'),(93,'49','2022-05-01 05:00:00'),(94,'54','2022-05-01 05:05:00'),(95,'50','2022-05-01 05:10:00'),(96,'51','2022-05-01 05:15:00'),(97,'54','2022-05-01 05:20:00'),(98,'48','2022-05-01 05:25:00'),(99,'47','2022-05-01 05:30:00'),(100,'51','2022-05-01 05:35:00'),(101,'46','2022-05-01 05:40:00'),(102,'52','2022-05-01 05:45:00'),(103,'49','2022-05-01 05:50:00'),(104,'46','2022-05-01 05:55:00'),(105,'54','2022-05-01 06:00:00'),(106,'49','2022-05-01 06:05:00'),(107,'47','2022-05-01 06:10:00'),(108,'47','2022-05-01 06:15:00'),(109,'54','2022-05-01 06:20:00'),(110,'53','2022-05-01 06:25:00'),(111,'50','2022-05-01 06:30:00'),(112,'52','2022-05-01 06:35:00'),(113,'52','2022-05-01 06:40:00'),(114,'48','2022-05-01 06:45:00'),(115,'53','2022-05-01 06:50:00'),(116,'50','2022-05-01 06:55:00'),(117,'52','2022-05-01 07:00:00'),(118,'47','2022-05-01 07:05:00'),(119,'46','2022-05-01 07:10:00'),(120,'51','2022-05-01 07:15:00'),(121,'47','2022-05-01 07:20:00'),(122,'48','2022-05-01 07:25:00'),(123,'46','2022-05-01 07:30:00'),(124,'47','2022-05-01 07:35:00'),(125,'45','2022-05-01 07:40:00'),(126,'51','2022-05-01 07:45:00'),(127,'51','2022-05-01 07:50:00'),(128,'53','2022-05-01 07:55:00'),(129,'51','2022-05-01 08:00:00'),(130,'47','2022-05-01 08:05:00'),(131,'48','2022-05-01 08:10:00'),(132,'52','2022-05-01 08:15:00'),(133,'46','2022-05-01 08:20:00'),(134,'50','2022-05-01 08:25:00'),(135,'52','2022-05-01 08:30:00'),(136,'45','2022-05-01 08:35:00'),(137,'47','2022-05-01 08:40:00'),(138,'54','2022-05-01 08:45:00'),(139,'46','2022-05-01 08:50:00'),(140,'45','2022-05-01 08:55:00'),(141,'46','2022-05-01 09:00:00'),(142,'45','2022-05-01 09:05:00'),(143,'51','2022-05-01 09:10:00'),(144,'51','2022-05-01 09:15:00'),(145,'53','2022-05-01 09:20:00'),(146,'52','2022-05-01 09:25:00'),(147,'54','2022-05-01 09:30:00'),(148,'46','2022-05-01 09:35:00'),(149,'49','2022-05-01 09:40:00'),(150,'52','2022-05-01 09:45:00'),(151,'45','2022-05-01 09:50:00'),(152,'51','2022-05-01 09:55:00'),(153,'50','2022-05-01 10:00:00'),(154,'45','2022-05-01 10:05:00'),(155,'47','2022-05-01 10:10:00'),(156,'53','2022-05-01 10:15:00'),(157,'49','2022-05-01 10:20:00'),(158,'49','2022-05-01 10:25:00'),(159,'52','2022-05-01 10:30:00'),(160,'48','2022-05-01 10:35:00'),(161,'45','2022-05-01 10:40:00'),(162,'54','2022-05-01 10:45:00'),(163,'51','2022-05-01 10:50:00'),(164,'47','2022-05-01 10:55:00'),(165,'48','2022-05-01 11:00:00'),(166,'49','2022-05-01 11:05:00'),(167,'50','2022-05-01 11:10:00'),(168,'51','2022-05-01 11:15:00'),(169,'52','2022-05-01 11:20:00'),(170,'54','2022-05-01 11:25:00'),(171,'54','2022-05-01 11:30:00'),(172,'54','2022-05-01 11:35:00'),(173,'53','2022-05-01 11:40:00'),(174,'45','2022-05-01 11:45:00'),(175,'49','2022-05-01 11:50:00'),(176,'45','2022-05-01 11:55:00'),(177,'48','2022-05-01 12:00:00'),(178,'48','2022-05-01 12:05:00'),(179,'46','2022-05-01 12:10:00'),(180,'48','2022-05-01 12:15:00'),(181,'48','2022-05-01 12:20:00'),(182,'46','2022-05-01 12:25:00'),(183,'48','2022-05-01 12:30:00'),(184,'51','2022-05-01 12:35:00'),(185,'51','2022-05-01 12:40:00'),(186,'51','2022-05-01 12:45:00'),(187,'51','2022-05-01 12:50:00'),(188,'53','2022-05-01 12:55:00'),(189,'50','2022-05-01 13:00:00'),(190,'47','2022-05-01 13:05:00'),(191,'51','2022-05-01 13:10:00'),(192,'49','2022-05-01 13:15:00'),(193,'50','2022-05-01 13:20:00'),(194,'47','2022-05-01 13:25:00'),(195,'51','2022-05-01 13:30:00'),(196,'46','2022-05-01 13:35:00'),(197,'48','2022-05-01 13:40:00'),(198,'49','2022-05-01 13:45:00'),(199,'53','2022-05-01 13:50:00'),(200,'52','2022-05-01 13:55:00'),(201,'50','2022-05-01 14:00:00'),(202,'50','2022-05-01 14:05:00'),(203,'49','2022-05-01 14:10:00'),(204,'46','2022-05-01 14:15:00'),(205,'50','2022-05-01 14:20:00'),(206,'54','2022-05-01 14:25:00'),(207,'51','2022-05-01 14:30:00'),(208,'52','2022-05-01 14:35:00'),(209,'49','2022-05-01 14:40:00'),(210,'52','2022-05-01 14:45:00'),(211,'54','2022-05-01 14:50:00'),(212,'45','2022-05-01 14:55:00'),(213,'48','2022-05-01 15:00:00'),(214,'46','2022-05-01 15:05:00'),(215,'52','2022-05-01 15:10:00'),(216,'50','2022-05-01 15:15:00'),(217,'51','2022-05-01 15:20:00'),(218,'48','2022-05-01 15:25:00'),(219,'49','2022-05-01 15:30:00'),(220,'49','2022-05-01 15:35:00'),(221,'48','2022-05-01 15:40:00'),(222,'54','2022-05-01 15:45:00'),(223,'47','2022-05-01 15:50:00'),(224,'54','2022-05-01 15:55:00'),(225,'52','2022-05-01 16:00:00'),(226,'52','2022-05-01 16:05:00'),(227,'49','2022-05-01 16:10:00'),(228,'50','2022-05-01 16:15:00'),(229,'47','2022-05-01 16:20:00'),(230,'46','2022-05-01 16:25:00'),(231,'49','2022-05-01 16:30:00'),(232,'48','2022-05-01 16:35:00'),(233,'49','2022-05-01 16:40:00'),(234,'47','2022-05-01 16:45:00'),(235,'54','2022-05-01 16:50:00'),(236,'54','2022-05-01 16:55:00'),(237,'47','2022-05-01 17:00:00'),(238,'46','2022-05-01 17:05:00'),(239,'46','2022-05-01 17:10:00'),(240,'49','2022-05-01 17:15:00'),(241,'46','2022-05-01 17:20:00'),(242,'51','2022-05-01 17:25:00'),(243,'48','2022-05-01 17:30:00'),(244,'54','2022-05-01 17:35:00'),(245,'51','2022-05-01 17:40:00'),(246,'50','2022-05-01 17:45:00'),(247,'53','2022-05-01 17:50:00'),(248,'49','2022-05-01 17:55:00'),(249,'47','2022-05-01 18:00:00'),(250,'45','2022-05-01 18:05:00'),(251,'53','2022-05-01 18:10:00'),(252,'52','2022-05-01 18:15:00'),(253,'47','2022-05-01 18:20:00'),(254,'48','2022-05-01 18:25:00'),(255,'49','2022-05-01 18:30:00'),(256,'54','2022-05-01 18:35:00'),(257,'47','2022-05-01 18:40:00'),(258,'52','2022-05-01 18:45:00'),(259,'45','2022-05-01 18:50:00'),(260,'46','2022-05-01 18:55:00'),(261,'46','2022-05-01 19:00:00'),(262,'52','2022-05-01 19:05:00'),(263,'49','2022-05-01 19:10:00'),(264,'52','2022-05-01 19:15:00'),(265,'45','2022-05-01 19:20:00'),(266,'54','2022-05-01 19:25:00'),(267,'48','2022-05-01 19:30:00'),(268,'46','2022-05-01 19:35:00'),(269,'49','2022-05-01 19:40:00'),(270,'53','2022-05-01 19:45:00'),(271,'48','2022-05-01 19:50:00'),(272,'52','2022-05-01 19:55:00'),(273,'53','2022-05-01 20:00:00'),(274,'49','2022-05-01 20:05:00'),(275,'45','2022-05-01 20:10:00'),(276,'52','2022-05-01 20:15:00'),(277,'45','2022-05-01 20:20:00'),(278,'48','2022-05-01 20:25:00'),(279,'49','2022-05-01 20:30:00'),(280,'52','2022-05-01 20:35:00'),(281,'46','2022-05-01 20:40:00'),(282,'53','2022-05-01 20:45:00'),(283,'47','2022-05-01 20:50:00'),(284,'50','2022-05-01 20:55:00'),(285,'52','2022-05-01 21:00:00'),(286,'49','2022-05-01 21:05:00'),(287,'50','2022-05-01 21:10:00'),(288,'45','2022-05-01 21:15:00'),(289,'47','2022-05-01 21:20:00'),(290,'50','2022-05-01 21:25:00'),(291,'45','2022-05-01 21:30:00'),(292,'51','2022-05-01 21:35:00'),(293,'51','2022-05-01 21:40:00'),(294,'48','2022-05-01 21:45:00'),(295,'51','2022-05-01 21:50:00'),(296,'48','2022-05-01 21:55:00'),(297,'51','2022-05-01 22:00:00'),(298,'49','2022-05-01 22:05:00'),(299,'45','2022-05-01 22:10:00'),(300,'49','2022-05-01 22:15:00'),(301,'51','2022-05-01 22:20:00'),(302,'45','2022-05-01 22:25:00'),(303,'46','2022-05-01 22:30:00'),(304,'52','2022-05-01 22:35:00'),(305,'49','2022-05-01 22:40:00'),(306,'53','2022-05-01 22:45:00'),(307,'54','2022-05-01 22:50:00'),(308,'47','2022-05-01 22:55:00'),(309,'49','2022-05-01 23:00:00'),(310,'46','2022-05-01 23:05:00'),(311,'52','2022-05-01 23:10:00'),(312,'47','2022-05-01 23:15:00'),(313,'45','2022-05-01 23:20:00'),(314,'52','2022-05-01 23:25:00'),(315,'48','2022-05-01 23:30:00'),(316,'48','2022-05-01 23:35:00'),(317,'48','2022-05-01 23:40:00'),(318,'48','2022-05-01 23:45:00'),(319,'51','2022-05-01 23:50:00'),(320,'53','2022-05-01 23:55:00');
/*!40000 ALTER TABLE `humidity` ENABLE KEYS */;
UNLOCK TABLES;

--
-- Table structure for table `machine`
--

DROP TABLE IF EXISTS `machine`;
/*!40101 SET @saved_cs_client     = @@character_set_client */;
/*!50503 SET character_set_client = utf8mb4 */;
CREATE TABLE `machine` (
  `id` int NOT NULL AUTO_INCREMENT,
  `name` varchar(45) DEFAULT NULL,
  `pin` int DEFAULT NULL,
  `createdAt` datetime DEFAULT CURRENT_TIMESTAMP,
  PRIMARY KEY (`id`)
) ENGINE=InnoDB AUTO_INCREMENT=17 DEFAULT CHARSET=utf8mb4  COMMENT='					';
/*!40101 SET character_set_client = @saved_cs_client */;

--
-- Dumping data for table `machine`
--

LOCK TABLES `machine` WRITE;
/*!40000 ALTER TABLE `machine` DISABLE KEYS */;
INSERT INTO `machine` VALUES (1,'valve_1',1,'2021-12-04 16:46:40'),(2,'valve_2',2,'2021-12-04 16:47:07'),(3,'valve_3',3,'2021-12-04 16:49:23'),(5,'led',5,'2021-12-05 03:59:25'),(6,'valve_in',6,'2021-12-06 06:38:18'),(7,'valve_out',7,'2021-12-14 10:29:04'),(8,'waterpump_a',8,'2021-12-14 10:29:50'),(9,'waterpump_b',9,'2021-12-14 10:30:03'),(10,'waterpump_center',10,'2021-12-19 19:16:02'),(11,'waterspray_1',11,'2022-01-14 22:34:11'),(12,'waterspray_2',12,'2022-01-14 22:34:32'),(13,'waterspray_3',13,'2022-01-14 22:34:46'),(14,'rooffan',14,'2022-04-25 20:34:43'),(15,'fan',15,'2022-04-25 20:34:43'),(16,'airconditioner',16,'2022-04-25 20:34:43');
/*!40000 ALTER TABLE `machine` ENABLE KEYS */;
UNLOCK TABLES;

--
-- Table structure for table `nutrientsupply`
--

DROP TABLE IF EXISTS `nutrientsupply`;
/*!40101 SET @saved_cs_client     = @@character_set_client */;
/*!50503 SET character_set_client = utf8mb4 */;
CREATE TABLE `nutrientsupply` (
  `id` int NOT NULL AUTO_INCREMENT,
  `quantity` float DEFAULT NULL,
  `createdAt` datetime DEFAULT CURRENT_TIMESTAMP,
  PRIMARY KEY (`id`)
) ENGINE=InnoDB AUTO_INCREMENT=13 DEFAULT CHARSET=utf8mb4 ;
/*!40101 SET character_set_client = @saved_cs_client */;

--
-- Dumping data for table `nutrientsupply`
--

LOCK TABLES `nutrientsupply` WRITE;
/*!40000 ALTER TABLE `nutrientsupply` DISABLE KEYS */;
INSERT INTO `nutrientsupply` VALUES (1,12,'2021-12-06 14:31:41'),(2,12,'2021-12-16 00:41:43'),(3,19,'2021-12-16 00:44:40'),(4,30,'2021-12-16 00:57:01'),(5,33,'2021-12-25 12:22:55'),(6,40,'2021-12-25 12:46:51'),(7,40,'2021-12-25 12:49:49'),(8,50,'2021-12-25 23:18:06'),(9,40,'2021-12-27 22:11:36'),(10,38,'2022-04-15 13:22:17'),(11,34,'2022-04-15 13:22:21'),(12,30,'2022-05-01 20:58:48');
/*!40000 ALTER TABLE `nutrientsupply` ENABLE KEYS */;
UNLOCK TABLES;

--
-- Table structure for table `report`
--

DROP TABLE IF EXISTS `report`;
/*!40101 SET @saved_cs_client     = @@character_set_client */;
/*!50503 SET character_set_client = utf8mb4 */;
CREATE TABLE `report` (
  `id` int NOT NULL AUTO_INCREMENT,
  `level` int DEFAULT NULL,
  `problem` longtext,
  `isFixed` tinyint(1) unsigned zerofill DEFAULT NULL,
  `createdAt` datetime DEFAULT CURRENT_TIMESTAMP,
  PRIMARY KEY (`id`)
) ENGINE=InnoDB AUTO_INCREMENT=87 DEFAULT CHARSET=utf8mb4 ;
/*!40101 SET character_set_client = @saved_cs_client */;

--
-- Dumping data for table `report`
--

LOCK TABLES `report` WRITE;
/*!40000 ALTER TABLE `report` DISABLE KEYS */;
INSERT INTO `report` VALUES (31,3,'AppDevices 컴포넌트에서 Switch에 맞는 Machine을 찾을 수 없습니다. 위 두 테이블 검사바랍니다.',0,'2021-12-25 13:04:27'),(32,3,'[Automation] Machine과 Switch 데이터 검증에 문제가 생겼습니다.',0,'2021-12-25 13:36:19'),(33,3,'[Automation] Machine과 Switch 데이터 검증에 문제가 생겼습니다.',0,'2021-12-25 14:10:04'),(34,3,'[Automation] Machine과 Switch 데이터 검증에 문제가 생겼습니다.',0,'2021-12-25 14:10:45'),(35,3,'[Automation] Machine과 Switch 데이터 검증에 문제가 생겼습니다.',0,'2021-12-25 14:50:11'),(36,3,'[Automation] Machine과 Switch 데이터 검증에 문제가 생겼습니다.',0,'2021-12-25 14:55:19'),(37,3,'[Automation] Machine과 Switch 데이터 검증에 문제가 생겼습니다.',0,'2021-12-25 15:12:49'),(38,3,'[Automation] Machine과 Switch 데이터 검증에 문제가 생겼습니다.',0,'2021-12-25 15:13:41'),(39,3,'[Automation] Machine과 Switch 데이터 검증에 문제가 생겼습니다.',0,'2021-12-25 15:13:49'),(40,3,'[Automation] Machine과 Switch 데이터 검증에 문제가 생겼습니다.',0,'2021-12-25 15:29:16'),(41,3,'[Automation] Machine과 Switch 데이터 검증에 문제가 생겼습니다.',0,'2021-12-25 15:32:26'),(42,3,'[Automation] 데이터 쿼리에 문제가 생겼습니다.',NULL,'2021-12-29 00:39:23'),(43,3,'[Automation] 데이터 쿼리에 문제가 생겼습니다.',NULL,'2021-12-29 00:43:36'),(44,3,'[Automation] 데이터 쿼리에 문제가 생겼습니다.',NULL,'2021-12-29 00:43:40'),(45,3,'[Automation] 데이터 쿼리에 문제가 생겼습니다.',NULL,'2021-12-29 00:44:25'),(46,3,'[Automation] 데이터 쿼리에 문제가 생겼습니다.',NULL,'2021-12-29 00:46:18'),(47,3,'[Automation] 데이터 쿼리에 문제가 생겼습니다.',NULL,'2021-12-29 00:46:50'),(48,3,'[Automation] 데이터 쿼리에 문제가 생겼습니다.',NULL,'2021-12-29 00:47:38'),(49,1,'AppDevices 컴포넌트에서 Switch에 맞는 Machine을 찾을 수 없습니다. 위 두 테이블 검사바랍니다.',0,'2022-04-14 21:55:29'),(50,1,'AppDevices 컴포넌트에서 Switch에 맞는 Machine을 찾을 수 없습니다. 위 두 테이블 검사바랍니다.',0,'2022-04-14 21:55:29'),(51,1,'AppDevices 컴포넌트에서 Switch에 맞는 Machine을 찾을 수 없습니다. 위 두 테이블 검사바랍니다.',0,'2022-04-14 21:55:29'),(52,1,'AppDevices 컴포넌트에서 Switch에 맞는 Machine을 찾을 수 없습니다. 위 두 테이블 검사바랍니다.',0,'2022-04-25 20:35:07'),(53,1,'AppDevices 컴포넌트에서 Switch에 맞는 Machine을 찾을 수 없습니다. 위 두 테이블 검사바랍니다.',0,'2022-04-25 20:35:07'),(54,1,'AppDevices 컴포넌트에서 Switch에 맞는 Machine을 찾을 수 없습니다. 위 두 테이블 검사바랍니다.',0,'2022-04-25 20:35:07'),(55,3,'3분 동안 물이 채워지지 않고 있습니다. 확인바랍니다.',0,'2022-04-27 23:05:22'),(56,3,'1분 동안 물이 채워지지 않고 있습니다. 확인바랍니다.',0,'2022-04-27 23:11:06'),(57,3,'1분 동안 물이 채워지지 않고 있습니다. 확인바랍니다.',0,'2022-04-27 23:15:21'),(58,3,'3분 동안 물이 채워지지 않고 있습니다. 확인바랍니다.',0,'2022-04-27 23:22:10'),(59,3,'3분 동안 물이 채워지지 않고 있습니다. 확인바랍니다.',0,'2022-04-27 23:26:58'),(60,3,'3분 동안 물이 채워지지 않고 있습니다. 확인바랍니다.',0,'2022-04-27 23:32:56'),(61,3,'3분 동안 물이 채워지지 않고 있습니다. 확인바랍니다.',0,'2022-04-27 23:50:01'),(62,3,'3분 동안 물이 채워지지 않고 있습니다. 확인바랍니다.',0,'2022-04-27 23:54:42'),(63,3,'3분 동안 물이 채워지지 않고 있습니다. 확인바랍니다.',0,'2022-04-28 00:22:06'),(64,3,'3분 동안 물이 채워지지 않고 있습니다. 확인바랍니다.',0,'2022-04-28 00:25:47'),(65,3,'3분 동안 물이 채워지지 않고 있습니다. 확인바랍니다.',0,'2022-04-28 00:30:02'),(66,3,'3분 동안 물이 채워지지 않고 있습니다. 확인바랍니다.',0,'2022-04-28 00:35:14'),(67,3,'3분 동안 물이 채워지지 않고 있습니다. 확인바랍니다.',0,'2022-04-28 21:31:09'),(68,3,'3분 동안 물이 채워지지 않고 있습니다. 확인바랍니다.',0,'2022-04-28 22:17:49'),(69,3,'3분 동안 물이 채워지지 않고 있습니다. 확인바랍니다.',0,'2022-04-28 22:55:53'),(70,3,'3분 동안 물이 채워지지 않고 있습니다. 확인바랍니다.',0,'2022-04-28 23:02:32'),(71,3,'3분 동안 물이 채워지지 않고 있습니다. 확인바랍니다.',0,'2022-04-28 23:08:09'),(72,3,'3분 동안 물이 채워지지 않고 있습니다. 확인바랍니다.',0,'2022-04-28 23:21:21'),(73,3,'자동화 시스템이 알 수 없는 에러로 인해 중단되었습니다.',0,'2022-04-28 23:21:31'),(74,3,'3분 동안 물이 채워지지 않고 있습니다. 확인바랍니다.',0,'2022-04-28 23:26:29'),(75,3,'3분 동안 물이 채워지지 않고 있습니다. 확인바랍니다.',0,'2022-04-28 23:46:24'),(76,3,'3분 동안 물이 채워지지 않고 있습니다. 확인바랍니다.',0,'2022-04-29 00:08:59'),(77,3,'3분 동안 물이 채워지지 않고 있습니다. 확인바랍니다.',0,'2022-04-29 00:13:44'),(78,3,'3분 동안 물이 채워지지 않고 있습니다. 확인바랍니다.',0,'2022-04-29 00:32:20'),(79,3,'3분 동안 물이 채워지지 않고 있습니다. 확인바랍니다.',0,'2022-04-29 00:35:58'),(80,3,'3분 동안 물이 채워지지 않고 있습니다. 확인바랍니다.',0,'2022-04-29 00:42:36'),(81,3,'3분 동안 물이 채워지지 않고 있습니다. 확인바랍니다.',0,'2022-05-01 20:33:32'),(82,3,'3분 동안 물이 채워지지 않고 있습니다. 확인바랍니다.',0,'2022-05-01 22:11:18'),(83,3,'3분 동안 물이 채워지지 않고 있습니다. 확인바랍니다.',0,'2022-05-01 23:15:31'),(84,3,'3분 동안 물이 채워지지 않고 있습니다. 확인바랍니다.',0,'2022-05-03 19:04:03'),(85,3,'3분 동안 물이 채워지지 않고 있습니다. 확인바랍니다.',0,'2022-05-03 20:39:01'),(86,3,'1분 동안 물이 채워지지 않고 있습니다. 확인바랍니다.',0,'2022-05-03 20:44:17');
/*!40000 ALTER TABLE `report` ENABLE KEYS */;
UNLOCK TABLES;

--
-- Table structure for table `section`
--

DROP TABLE IF EXISTS `section`;
/*!40101 SET @saved_cs_client     = @@character_set_client */;
/*!50503 SET character_set_client = utf8mb4 */;
CREATE TABLE `section` (
  `id` int NOT NULL,
  `main` varchar(45) DEFAULT NULL,
  `sub` varchar(45) DEFAULT NULL,
  `createdAt` datetime DEFAULT CURRENT_TIMESTAMP,
  PRIMARY KEY (`id`)
) ENGINE=InnoDB DEFAULT CHARSET=utf8mb4  COMMENT='		';
/*!40101 SET character_set_client = @saved_cs_client */;

--
-- Dumping data for table `section`
--

LOCK TABLES `section` WRITE;
/*!40000 ALTER TABLE `section` DISABLE KEYS */;
INSERT INTO `section` VALUES (1,'s1','d1','2021-12-05 01:47:03'),(2,'s1','d2','2021-12-12 22:43:00'),(3,'s1','d3','2021-12-12 22:43:00'),(4,'s1','d4','2021-12-12 22:43:00');
/*!40000 ALTER TABLE `section` ENABLE KEYS */;
UNLOCK TABLES;

--
-- Table structure for table `sensor`
--

DROP TABLE IF EXISTS `sensor`;
/*!40101 SET @saved_cs_client     = @@character_set_client */;
/*!50503 SET character_set_client = utf8mb4 */;
CREATE TABLE `sensor` (
  `id` int NOT NULL AUTO_INCREMENT,
  `name` varchar(255) DEFAULT NULL,
  `pin` int DEFAULT NULL,
  `createdAt` datetime DEFAULT CURRENT_TIMESTAMP,
  PRIMARY KEY (`id`)
) ENGINE=InnoDB AUTO_INCREMENT=33 DEFAULT CHARSET=utf8mb4  COMMENT='	';
/*!40101 SET character_set_client = @saved_cs_client */;

--
-- Dumping data for table `sensor`
--

LOCK TABLES `sensor` WRITE;
/*!40000 ALTER TABLE `sensor` DISABLE KEYS */;
INSERT INTO `sensor` VALUES (1,'dht22',1,'2021-12-06 06:37:56'),(2,'top_waterlevel',6,'2022-01-01 19:37:11'),(3,'middle_waterlevel',3,'2022-04-25 23:33:06'),(4,'bottom_waterlevel',4,'2022-04-25 23:33:06');
/*!40000 ALTER TABLE `sensor` ENABLE KEYS */;
UNLOCK TABLES;

--
-- Table structure for table `sprayterm`
--

DROP TABLE IF EXISTS `sprayterm`;
/*!40101 SET @saved_cs_client     = @@character_set_client */;
/*!50503 SET character_set_client = utf8mb4 */;
CREATE TABLE `sprayterm` (
  `id` int NOT NULL AUTO_INCREMENT,
  `period` int DEFAULT NULL,
  `createdAt` datetime DEFAULT CURRENT_TIMESTAMP,
  PRIMARY KEY (`id`)
) ENGINE=InnoDB AUTO_INCREMENT=11 DEFAULT CHARSET=utf8mb4 ;
/*!40101 SET character_set_client = @saved_cs_client */;

--
-- Dumping data for table `sprayterm`
--

LOCK TABLES `sprayterm` WRITE;
/*!40000 ALTER TABLE `sprayterm` DISABLE KEYS */;
INSERT INTO `sprayterm` VALUES (1,3,'2021-12-16 00:51:08'),(2,4,'2021-12-16 00:56:40'),(3,4,'2021-12-25 12:22:50'),(4,9,'2021-12-25 12:37:32'),(5,2,'2021-12-25 12:49:38'),(6,8,'2021-12-25 22:56:31'),(7,20,'2021-12-25 23:18:14'),(8,30,'2021-12-27 22:11:42'),(9,35,'2022-04-15 13:22:12'),(10,10,'2022-05-01 20:58:42');
/*!40000 ALTER TABLE `sprayterm` ENABLE KEYS */;
UNLOCK TABLES;

--
-- Table structure for table `spraytime`
--

DROP TABLE IF EXISTS `spraytime`;
/*!40101 SET @saved_cs_client     = @@character_set_client */;
/*!50503 SET character_set_client = utf8mb4 */;
CREATE TABLE `spraytime` (
  `id` int NOT NULL AUTO_INCREMENT,
  `period` int DEFAULT NULL,
  `createdAt` datetime DEFAULT CURRENT_TIMESTAMP,
  PRIMARY KEY (`id`)
) ENGINE=InnoDB AUTO_INCREMENT=11 DEFAULT CHARSET=utf8mb4 ;
/*!40101 SET character_set_client = @saved_cs_client */;

--
-- Dumping data for table `spraytime`
--

LOCK TABLES `spraytime` WRITE;
/*!40000 ALTER TABLE `spraytime` DISABLE KEYS */;
INSERT INTO `spraytime` VALUES (1,12,'2021-12-06 14:50:32'),(2,12,'2021-12-06 14:51:06'),(3,15,'2021-12-16 00:44:35'),(4,10,'2021-12-16 00:56:55'),(5,20,'2021-12-25 12:49:45'),(6,15,'2021-12-25 22:56:35'),(7,20,'2021-12-25 23:18:01'),(8,15,'2021-12-27 22:11:32'),(9,12,'2022-04-15 13:22:15'),(10,10,'2022-05-01 20:58:45');
/*!40000 ALTER TABLE `spraytime` ENABLE KEYS */;
UNLOCK TABLES;

--
-- Table structure for table `switch`
--

DROP TABLE IF EXISTS `switch`;
/*!40101 SET @saved_cs_client     = @@character_set_client */;
/*!50503 SET character_set_client = utf8mb4 */;
CREATE TABLE `switch` (
  `id` int NOT NULL AUTO_INCREMENT,
  `machine_id` int DEFAULT NULL,
  `status` int DEFAULT NULL,
  `controlledBy_id` int DEFAULT NULL,
  `createdAt` datetime DEFAULT CURRENT_TIMESTAMP,
  PRIMARY KEY (`id`)
) ENGINE=InnoDB AUTO_INCREMENT=808 DEFAULT CHARSET=utf8mb4  COMMENT='		';
/*!40101 SET character_set_client = @saved_cs_client */;

--
-- Dumping data for table `switch`
--

LOCK TABLES `switch` WRITE;
/*!40000 ALTER TABLE `switch` DISABLE KEYS */;
INSERT INTO `switch` VALUES (2,1,0,1,'2021-12-06 05:58:15'),(3,1,0,1,'2021-12-06 05:58:35'),(4,1,0,1,'2021-12-06 06:32:52'),(6,2,1,1,'2021-12-12 00:39:19'),(7,1,0,1,'2021-12-12 01:51:46'),(8,1,1,1,'2021-12-12 01:51:46'),(9,1,0,3,'2021-12-12 01:56:47'),(10,2,1,2,'2021-12-12 01:57:13'),(11,1,0,1,'2021-12-13 00:30:24'),(12,1,0,1,'2021-12-13 00:52:02'),(13,1,1,1,'2021-12-13 00:52:29'),(14,2,0,2,'2021-12-13 00:52:37'),(15,2,1,1,'2021-12-13 00:54:34'),(16,1,0,1,'2021-12-13 00:54:43'),(17,2,0,1,'2021-12-13 23:17:16'),(18,2,1,1,'2021-12-13 23:18:18'),(19,2,0,1,'2021-12-13 23:26:36'),(20,1,1,1,'2021-12-13 23:31:36'),(21,2,1,1,'2021-12-13 23:31:37'),(22,1,0,1,'2021-12-13 23:31:40'),(23,2,0,1,'2021-12-13 23:31:43'),(24,1,1,1,'2021-12-13 23:31:46'),(25,2,1,1,'2021-12-13 23:31:50'),(26,2,0,1,'2021-12-14 19:16:38'),(27,3,1,1,'2021-12-14 19:56:46'),(28,2,1,1,'2021-12-14 19:56:47'),(30,6,1,1,'2021-12-14 19:56:49'),(31,10,1,1,'2021-12-14 19:56:54'),(32,8,1,1,'2021-12-14 19:56:54'),(33,5,1,1,'2021-12-14 19:56:55'),(34,7,1,1,'2021-12-14 19:56:55'),(35,9,1,1,'2021-12-14 19:56:56'),(36,2,0,1,'2021-12-14 19:57:06'),(37,1,0,1,'2021-12-14 19:57:07'),(38,3,0,1,'2021-12-14 19:57:07'),(40,5,0,1,'2021-12-14 20:14:41'),(41,7,0,1,'2021-12-14 20:14:41'),(42,9,0,1,'2021-12-14 20:14:42'),(43,1,1,1,'2021-12-14 21:27:11'),(45,5,1,1,'2021-12-14 21:39:40'),(46,2,1,1,'2021-12-14 21:39:53'),(48,3,1,1,'2021-12-14 21:39:56'),(49,7,1,1,'2021-12-14 21:39:58'),(50,9,1,1,'2021-12-14 21:39:59'),(51,10,0,1,'2021-12-14 21:40:01'),(52,8,0,1,'2021-12-14 21:40:02'),(53,6,0,1,'2021-12-14 21:40:03'),(55,2,0,1,'2021-12-14 21:40:04'),(56,1,0,1,'2021-12-14 21:40:06'),(57,3,0,1,'2021-12-14 21:40:06'),(58,5,0,1,'2021-12-14 21:40:07'),(59,7,0,1,'2021-12-14 21:40:07'),(60,9,0,1,'2021-12-14 21:40:08'),(61,1,1,1,'2021-12-14 21:58:19'),(62,3,1,1,'2021-12-14 21:58:19'),(63,5,1,1,'2021-12-14 21:58:20'),(64,7,1,1,'2021-12-14 21:58:20'),(65,7,0,1,'2021-12-14 22:08:26'),(66,5,0,1,'2021-12-14 22:08:27'),(67,3,0,1,'2021-12-14 22:08:27'),(68,1,0,1,'2021-12-14 22:08:27'),(69,1,1,1,'2021-12-14 23:47:48'),(70,3,1,1,'2021-12-14 23:47:48'),(71,5,1,1,'2021-12-14 23:47:49'),(72,7,1,1,'2021-12-14 23:47:49'),(73,9,1,1,'2021-12-14 23:47:50'),(74,10,1,1,'2021-12-14 23:47:51'),(75,8,1,1,'2021-12-14 23:47:51'),(76,6,1,1,'2021-12-14 23:47:51'),(78,2,1,1,'2021-12-14 23:47:52'),(79,1,0,1,'2021-12-16 00:57:39'),(80,3,0,1,'2021-12-16 00:57:39'),(81,5,0,1,'2021-12-16 00:57:39'),(82,10,0,1,'2021-12-18 11:58:11'),(83,10,1,1,'2021-12-18 11:58:27'),(84,10,0,1,'2021-12-18 12:00:21'),(85,10,1,1,'2021-12-21 23:29:19'),(86,5,1,1,'2021-12-21 23:29:20'),(87,3,1,1,'2021-12-21 23:29:20'),(88,1,1,1,'2021-12-21 23:29:21'),(89,7,0,1,'2021-12-23 00:26:46'),(90,7,1,1,'2021-12-23 00:27:27'),(91,3,0,1,'2021-12-23 00:27:43'),(92,7,0,1,'2021-12-23 00:28:08'),(93,7,1,1,'2021-12-23 00:28:49'),(94,3,1,1,'2021-12-23 00:29:08'),(95,7,0,1,'2021-12-23 00:29:41'),(96,7,1,1,'2021-12-23 00:30:12'),(97,5,0,1,'2021-12-23 00:48:49'),(98,3,0,1,'2021-12-23 00:48:50'),(99,1,0,1,'2021-12-23 00:48:50'),(100,7,0,1,'2021-12-23 00:48:51'),(101,9,0,1,'2021-12-23 00:48:51'),(102,10,0,1,'2021-12-23 00:48:52'),(103,8,0,1,'2021-12-23 00:48:53'),(104,6,0,1,'2021-12-23 00:48:53'),(106,2,0,1,'2021-12-23 00:48:54'),(107,3,1,1,'2021-12-23 00:50:16'),(108,1,1,1,'2021-12-23 00:50:17'),(109,1,0,1,'2021-12-23 23:10:43'),(110,3,0,1,'2021-12-23 23:10:44'),(111,9,1,1,'2021-12-23 23:11:01'),(112,10,1,1,'2021-12-23 23:11:02'),(117,4,0,14,'2021-12-25 13:04:27'),(119,4,0,1,'2021-12-25 15:32:26'),(120,1,1,14,'2021-12-25 21:39:34'),(121,2,1,2,'2021-12-27 22:11:55'),(122,3,1,2,'2021-12-27 22:11:56'),(123,4,1,2,'2021-12-27 23:10:40'),(124,6,1,2,'2021-12-29 00:01:06'),(125,12,0,2,'2022-04-14 21:55:29'),(126,11,0,2,'2022-04-14 21:55:29'),(127,13,0,2,'2022-04-14 21:55:29'),(128,12,1,14,'2022-04-14 22:01:10'),(129,11,1,14,'2022-04-14 22:01:15'),(130,1,0,2,'2022-04-15 11:08:04'),(131,3,0,2,'2022-04-15 11:08:05'),(132,3,1,2,'2022-04-15 13:22:31'),(133,5,1,2,'2022-04-15 13:22:31'),(134,1,1,2,'2022-04-15 13:22:31'),(135,5,0,2,'2022-04-15 15:41:58'),(136,3,0,2,'2022-04-15 15:41:59'),(137,1,0,2,'2022-04-15 15:41:59'),(138,2,0,2,'2022-04-15 15:41:59'),(139,4,0,2,'2022-04-15 15:42:00'),(140,6,0,2,'2022-04-15 15:42:00'),(141,10,0,2,'2022-04-15 15:42:00'),(142,12,0,2,'2022-04-15 15:42:01'),(143,9,0,2,'2022-04-15 15:42:01'),(144,11,0,2,'2022-04-15 15:42:01'),(145,3,1,2,'2022-04-15 15:59:23'),(146,1,1,2,'2022-04-15 15:59:23'),(147,6,1,2,'2022-04-15 15:59:23'),(148,8,1,2,'2022-04-15 15:59:24'),(149,10,1,2,'2022-04-15 15:59:24'),(150,12,1,2,'2022-04-15 15:59:24'),(151,5,1,1,NULL),(152,14,0,14,'2022-04-25 20:35:07'),(153,15,0,14,'2022-04-25 20:35:07'),(154,16,0,14,'2022-04-25 20:35:07'),(155,15,1,14,'2022-04-25 20:35:08'),(156,14,1,14,'2022-04-25 20:35:09'),(157,16,1,14,'2022-04-25 20:35:10'),(158,16,0,14,'2022-04-25 20:35:18'),(159,8,0,14,'2022-04-26 15:36:55'),(160,15,0,1,NULL),(161,15,1,14,'2022-04-26 15:39:31'),(162,15,0,1,NULL),(163,10,0,14,'2022-04-26 15:40:15'),(164,8,1,14,'2022-04-26 15:40:43'),(165,15,1,14,'2022-04-26 15:41:14'),(166,15,0,1,NULL),(167,1,0,14,'2022-04-26 16:03:55'),(168,1,1,14,'2022-04-26 16:04:30'),(169,2,1,14,'2022-04-26 16:05:13'),(170,2,1,14,'2022-04-26 16:05:17'),(171,1,0,14,'2022-04-26 17:48:06'),(172,1,1,14,'2022-04-26 17:48:20'),(173,1,0,14,'2022-04-26 17:50:55'),(174,1,1,14,'2022-04-26 17:51:00'),(175,2,0,14,'2022-04-26 17:52:45'),(176,1,0,14,'2022-04-26 17:53:33'),(177,1,1,14,'2022-04-26 17:53:48'),(178,6,0,14,'2022-04-26 17:53:51'),(179,1,0,14,'2022-04-26 17:54:31'),(180,1,1,14,'2022-04-26 17:54:37'),(181,2,1,14,'2022-04-26 17:55:01'),(182,5,0,14,'2022-04-26 17:56:40'),(183,5,1,14,'2022-04-26 17:56:56'),(184,1,0,14,'2022-04-26 18:12:55'),(185,1,1,14,'2022-04-26 18:13:04'),(186,1,0,14,'2022-04-26 18:13:44'),(187,15,1,1,NULL),(188,1,1,14,'2022-04-26 18:22:05'),(189,15,0,14,'2022-04-26 18:22:22'),(190,15,1,1,NULL),(191,1,0,14,'2022-04-26 19:24:33'),(192,1,1,14,'2022-04-26 19:25:23'),(193,1,0,14,'2022-04-26 19:25:24'),(194,1,1,14,'2022-04-26 19:26:16'),(195,1,0,2,'2022-04-26 19:31:03'),(196,1,1,2,'2022-04-26 19:31:25'),(197,1,0,2,'2022-04-26 19:52:50'),(198,3,0,2,'2022-04-26 19:52:52'),(199,15,0,2,'2022-04-26 19:53:02'),(200,11,1,2,'2022-04-26 20:06:12'),(201,15,1,2,'2022-04-26 20:06:13'),(202,7,1,2,'2022-04-26 20:09:07'),(203,11,0,2,'2022-04-26 20:09:17'),(204,9,1,2,'2022-04-26 20:09:41'),(205,9,0,2,'2022-04-26 20:09:45'),(206,9,1,2,'2022-04-26 20:10:13'),(207,11,1,2,'2022-04-26 20:10:17'),(208,15,0,1,NULL),(209,15,0,2,'2022-04-26 20:17:35'),(210,15,1,2,'2022-04-26 20:17:46'),(211,15,0,1,NULL),(212,15,0,2,'2022-04-26 20:18:06'),(213,15,1,2,'2022-04-26 20:21:30'),(214,15,0,1,NULL),(215,15,0,2,'2022-04-26 20:22:48'),(216,15,1,2,'2022-04-26 20:22:54'),(217,15,0,1,NULL),(218,15,0,2,'2022-04-26 20:26:46'),(219,15,1,2,'2022-04-26 20:26:57'),(220,15,0,1,NULL),(221,15,1,2,'2022-04-26 20:28:37'),(222,15,0,1,NULL),(223,15,1,2,'2022-04-26 20:28:56'),(224,15,0,1,NULL),(225,15,0,2,'2022-04-26 20:29:12'),(226,15,1,2,'2022-04-26 20:29:18'),(227,15,0,1,NULL),(228,15,1,2,'2022-04-26 20:32:58'),(229,15,0,1,NULL),(230,15,0,2,'2022-04-26 20:33:34'),(231,15,1,2,'2022-04-26 20:33:38'),(232,15,0,1,NULL),(233,15,1,2,'2022-04-26 20:34:44'),(234,15,0,1,NULL),(235,15,1,2,'2022-04-26 20:36:53'),(236,15,0,1,NULL),(237,15,0,2,'2022-04-26 20:38:30'),(238,15,1,2,'2022-04-26 20:38:35'),(239,15,0,1,NULL),(240,15,1,2,'2022-04-26 20:39:37'),(241,15,0,2,'2022-04-26 20:39:42'),(242,15,1,2,'2022-04-26 20:39:43'),(243,15,0,2,'2022-04-26 20:39:53'),(244,15,1,2,'2022-04-26 20:39:54'),(245,15,0,1,NULL),(246,15,0,2,'2022-04-26 20:40:45'),(247,15,1,2,'2022-04-26 20:40:50'),(248,15,0,1,NULL),(249,15,0,2,'2022-04-26 20:41:08'),(250,15,1,2,'2022-04-26 20:41:09'),(251,15,0,1,NULL),(252,15,1,2,'2022-04-26 20:41:44'),(253,15,0,2,'2022-04-26 20:41:45'),(254,15,1,2,'2022-04-26 20:42:21'),(255,15,0,2,'2022-04-26 20:42:22'),(256,15,1,2,'2022-04-26 20:42:29'),(257,15,0,1,NULL),(258,15,0,2,'2022-04-26 20:42:47'),(259,15,1,2,'2022-04-26 20:42:48'),(260,15,0,1,NULL),(261,15,1,2,'2022-04-26 20:43:29'),(262,15,0,2,'2022-04-26 20:43:50'),(263,15,1,2,'2022-04-26 20:43:51'),(264,15,0,1,NULL),(265,15,1,2,'2022-04-26 20:46:33'),(266,15,0,1,NULL),(267,15,0,2,'2022-04-26 20:46:59'),(268,15,1,2,'2022-04-26 20:47:18'),(269,15,0,1,NULL),(270,15,1,2,'2022-04-26 20:59:02'),(271,15,0,2,'2022-04-26 20:59:02'),(272,15,1,2,'2022-04-26 20:59:10'),(273,15,0,1,NULL),(274,15,0,2,'2022-04-26 20:59:20'),(275,14,0,2,'2022-04-26 20:59:21'),(276,11,0,2,'2022-04-26 21:00:45'),(277,15,1,2,'2022-04-26 21:00:51'),(278,15,0,1,NULL),(279,15,1,2,'2022-04-26 21:31:11'),(280,15,0,1,NULL),(281,15,1,2,'2022-04-26 21:32:27'),(282,15,0,1,NULL),(283,15,1,2,'2022-04-26 21:32:58'),(284,15,0,1,NULL),(285,15,1,2,'2022-04-26 21:34:30'),(286,15,0,1,NULL),(287,15,1,2,'2022-04-26 21:35:10'),(288,15,0,1,NULL),(289,15,1,2,'2022-04-26 21:36:05'),(290,15,0,1,NULL),(291,15,0,2,'2022-04-26 21:36:17'),(292,15,1,2,'2022-04-26 21:36:17'),(293,15,0,1,NULL),(294,15,1,2,'2022-04-26 21:38:09'),(295,15,0,1,NULL),(296,15,1,2,'2022-04-26 21:38:28'),(297,15,0,1,NULL),(298,15,1,2,'2022-04-26 21:52:55'),(299,15,0,1,NULL),(300,15,1,2,'2022-04-26 21:53:04'),(301,15,0,1,NULL),(302,15,1,2,'2022-04-26 21:53:33'),(303,15,0,1,NULL),(304,15,1,2,'2022-04-26 21:53:40'),(305,15,0,1,NULL),(306,5,0,1,NULL),(307,5,0,2,'2022-04-26 21:54:47'),(308,5,1,2,'2022-04-26 21:54:57'),(309,5,0,1,NULL),(310,5,1,2,'2022-04-26 21:56:10'),(311,5,0,1,NULL),(312,5,1,2,'2022-04-26 21:58:12'),(313,5,0,1,NULL),(314,5,1,2,'2022-04-26 21:58:55'),(315,5,0,1,NULL),(316,5,1,2,'2022-04-26 21:59:21'),(317,5,0,1,NULL),(318,5,1,2,'2022-04-26 22:03:35'),(319,5,0,1,NULL),(320,5,1,2,'2022-04-26 22:03:58'),(321,5,0,1,NULL),(322,5,1,2,'2022-04-26 22:04:11'),(323,5,0,1,NULL),(324,5,1,2,'2022-04-26 22:04:39'),(325,5,0,1,NULL),(326,5,1,2,'2022-04-26 22:05:24'),(327,5,0,1,NULL),(328,14,1,2,'2022-04-26 22:12:21'),(329,14,0,1,NULL),(330,5,1,2,'2022-04-26 22:28:50'),(331,5,0,2,'2022-04-26 22:29:09'),(332,5,1,2,'2022-04-26 22:29:17'),(333,14,1,2,'2022-04-26 22:29:30'),(334,14,0,1,NULL),(335,14,1,1,NULL),(336,14,1,2,'2022-04-27 13:03:00'),(337,14,0,2,'2022-04-27 13:03:19'),(338,14,1,1,NULL),(339,14,1,2,'2022-04-27 13:08:54'),(340,14,0,2,'2022-04-27 13:09:00'),(341,14,1,1,NULL),(342,14,0,2,'2022-04-27 13:10:08'),(343,14,1,1,NULL),(344,14,1,2,'2022-04-27 13:10:37'),(345,14,0,2,'2022-04-27 13:10:40'),(346,14,1,1,NULL),(347,14,0,2,'2022-04-27 13:11:54'),(348,14,1,1,NULL),(349,14,0,2,'2022-04-27 13:13:00'),(350,14,1,1,NULL),(351,14,0,2,'2022-04-27 13:13:50'),(352,14,1,1,NULL),(353,14,1,2,'2022-04-27 13:15:15'),(354,14,0,2,'2022-04-27 13:15:28'),(355,14,1,1,NULL),(356,14,0,2,'2022-04-27 13:16:05'),(357,14,1,1,NULL),(358,14,0,2,'2022-04-27 13:16:29'),(359,14,1,1,NULL),(360,14,0,2,'2022-04-27 13:17:06'),(361,14,1,1,NULL),(362,14,0,2,'2022-04-27 13:17:39'),(363,14,1,1,NULL),(364,14,0,2,'2022-04-27 13:17:52'),(365,14,1,1,NULL),(366,14,0,2,'2022-04-27 13:18:43'),(367,14,1,1,NULL),(368,14,0,2,'2022-04-27 13:23:26'),(369,14,1,1,NULL),(370,14,0,2,'2022-04-27 13:24:06'),(371,14,1,1,NULL),(372,14,0,2,'2022-04-27 13:24:34'),(373,14,1,1,NULL),(374,14,0,2,'2022-04-27 13:28:01'),(375,15,1,2,'2022-04-27 13:33:17'),(376,15,0,1,NULL),(377,5,0,1,NULL),(378,5,1,2,'2022-04-27 13:34:24'),(379,5,0,1,NULL),(380,5,1,2,'2022-04-27 13:34:31'),(381,5,0,1,NULL),(382,16,1,2,'2022-04-27 13:35:15'),(383,16,0,1,NULL),(384,14,1,1,NULL),(385,14,0,2,'2022-04-27 13:47:26'),(386,15,1,2,'2022-04-27 13:47:27'),(387,16,1,2,'2022-04-27 13:47:28'),(388,5,1,2,'2022-04-27 13:47:29'),(389,15,0,1,NULL),(390,14,1,1,NULL),(391,16,0,1,NULL),(392,5,0,1,NULL),(393,5,1,2,'2022-04-27 13:48:14'),(394,15,1,2,'2022-04-27 13:48:16'),(395,14,0,2,'2022-04-27 13:48:17'),(396,16,1,2,'2022-04-27 13:48:17'),(397,15,0,1,NULL),(398,14,1,1,NULL),(399,16,0,1,NULL),(400,5,0,1,NULL),(401,14,0,2,'2022-04-27 13:52:17'),(402,16,1,2,'2022-04-27 13:52:18'),(403,15,1,2,'2022-04-27 13:52:18'),(404,5,1,2,'2022-04-27 13:52:19'),(405,15,0,1,NULL),(406,14,1,1,NULL),(407,16,0,1,NULL),(408,5,0,1,NULL),(409,14,0,2,'2022-04-27 13:52:49'),(410,16,1,2,'2022-04-27 13:52:50'),(411,15,1,2,'2022-04-27 13:52:50'),(412,15,0,1,NULL),(413,14,1,1,NULL),(414,16,0,1,NULL),(415,14,0,2,'2022-04-27 13:53:13'),(416,16,1,2,'2022-04-27 13:53:13'),(417,15,1,2,'2022-04-27 13:53:14'),(418,15,0,1,NULL),(419,14,1,1,NULL),(420,16,0,1,NULL),(421,14,0,2,'2022-04-27 13:53:51'),(422,16,1,2,'2022-04-27 13:53:52'),(423,15,1,2,'2022-04-27 13:53:52'),(424,15,0,1,NULL),(425,14,1,1,NULL),(426,16,0,1,NULL),(427,14,0,2,'2022-04-27 13:54:17'),(428,14,1,2,'2022-04-27 13:54:18'),(429,16,1,2,'2022-04-27 13:54:19'),(430,15,1,2,'2022-04-27 13:54:20'),(431,15,0,1,NULL),(432,16,0,1,NULL),(433,14,0,2,'2022-04-27 13:54:44'),(434,14,1,1,NULL),(435,14,0,2,'2022-04-27 13:58:08'),(436,14,1,2,'2022-04-27 14:06:11'),(437,16,1,2,'2022-04-27 14:06:11'),(438,15,1,2,'2022-04-27 14:06:12'),(439,15,0,1,NULL),(440,14,0,1,NULL),(441,16,0,1,NULL),(442,14,1,2,'2022-04-27 14:08:54'),(443,16,1,2,'2022-04-27 14:08:54'),(444,15,1,2,'2022-04-27 14:08:55'),(445,15,0,1,NULL),(446,14,0,1,NULL),(447,16,0,1,NULL),(448,14,1,2,'2022-04-27 14:12:13'),(449,16,1,2,'2022-04-27 14:12:13'),(450,15,1,2,'2022-04-27 14:12:14'),(451,15,0,1,NULL),(452,14,0,1,NULL),(453,16,0,1,NULL),(454,14,1,2,'2022-04-27 14:12:37'),(455,16,1,2,'2022-04-27 14:12:38'),(456,15,1,2,'2022-04-27 14:12:38'),(457,15,0,1,NULL),(458,14,0,1,NULL),(459,16,0,1,NULL),(460,14,1,2,'2022-04-27 14:16:30'),(461,16,1,2,'2022-04-27 14:16:30'),(462,15,1,2,'2022-04-27 14:16:31'),(463,15,0,1,NULL),(464,14,0,1,NULL),(465,16,0,1,NULL),(466,14,1,2,'2022-04-27 14:17:31'),(467,16,1,2,'2022-04-27 14:17:32'),(468,15,1,2,'2022-04-27 14:17:32'),(469,15,0,1,NULL),(470,14,0,1,NULL),(471,16,0,1,NULL),(472,14,0,2,'2022-04-27 14:18:02'),(473,16,0,2,'2022-04-27 14:18:02'),(474,14,1,2,'2022-04-27 14:18:16'),(475,16,1,2,'2022-04-27 14:18:16'),(476,15,1,2,'2022-04-27 14:18:17'),(477,15,0,1,NULL),(478,14,0,1,NULL),(479,16,0,1,NULL),(480,14,1,2,'2022-04-27 14:18:51'),(481,16,1,2,'2022-04-27 14:18:51'),(482,15,1,2,'2022-04-27 14:18:52'),(483,15,0,1,NULL),(484,14,0,1,NULL),(485,16,0,1,NULL),(486,14,1,2,'2022-04-27 14:19:10'),(487,16,1,2,'2022-04-27 14:19:11'),(488,15,1,2,'2022-04-27 14:19:11'),(489,15,0,1,NULL),(490,14,0,1,NULL),(491,16,0,1,NULL),(492,14,1,2,'2022-04-27 14:22:27'),(493,16,1,2,'2022-04-27 14:22:27'),(494,15,1,2,'2022-04-27 14:22:28'),(495,15,0,1,NULL),(496,14,0,1,NULL),(497,16,0,1,NULL),(498,14,1,2,'2022-04-27 14:23:48'),(499,16,1,2,'2022-04-27 14:23:48'),(500,15,1,2,'2022-04-27 14:23:49'),(501,15,0,1,NULL),(502,14,0,1,NULL),(503,16,0,1,NULL),(504,14,1,2,'2022-04-27 14:24:06'),(505,16,1,2,'2022-04-27 14:24:06'),(506,15,1,2,'2022-04-27 14:24:07'),(507,5,1,2,'2022-04-27 14:24:08'),(508,15,0,1,NULL),(509,14,0,1,NULL),(510,16,0,1,NULL),(511,5,0,1,NULL),(512,15,1,1,NULL),(513,11,1,1,NULL),(514,11,0,1,NULL),(515,12,1,1,NULL),(516,12,0,1,NULL),(517,13,1,1,NULL),(518,13,0,1,NULL),(519,15,0,1,NULL),(520,11,1,1,NULL),(521,11,0,1,NULL),(522,12,1,1,NULL),(523,12,0,1,NULL),(524,13,1,1,NULL),(525,13,0,1,NULL),(526,11,1,1,'2022-04-27 23:00:53'),(527,11,0,1,'2022-04-27 23:01:05'),(528,12,1,1,'2022-04-27 23:01:06'),(529,12,0,1,'2022-04-27 23:01:19'),(530,13,1,1,'2022-04-27 23:01:20'),(531,13,0,1,'2022-04-27 23:01:34'),(532,6,1,1,'2022-04-27 23:05:32'),(533,10,1,1,'2022-04-27 23:05:32'),(534,8,1,1,'2022-04-27 23:10:01'),(535,8,0,1,'2022-04-27 23:10:05'),(536,6,1,1,'2022-04-27 23:10:05'),(537,10,1,1,'2022-04-27 23:10:05'),(538,8,1,1,'2022-04-27 23:14:17'),(539,8,0,1,'2022-04-27 23:14:21'),(540,6,1,1,'2022-04-27 23:14:21'),(541,10,1,1,'2022-04-27 23:14:21'),(542,8,1,1,'2022-04-27 23:19:05'),(543,8,0,1,'2022-04-27 23:19:09'),(544,6,1,1,'2022-04-27 23:19:09'),(545,10,1,1,'2022-04-27 23:19:09'),(546,8,1,1,'2022-04-27 23:23:53'),(547,8,0,1,'2022-04-27 23:23:57'),(548,6,1,1,'2022-04-27 23:23:57'),(549,10,1,1,'2022-04-27 23:23:57'),(550,8,1,1,'2022-04-27 23:29:08'),(551,8,0,1,'2022-04-27 23:29:11'),(552,6,1,1,'2022-04-27 23:29:12'),(553,10,1,1,'2022-04-27 23:29:12'),(554,8,1,1,'2022-04-27 23:29:41'),(555,8,0,1,'2022-04-27 23:29:45'),(556,6,1,1,'2022-04-27 23:29:56'),(557,10,1,1,'2022-04-27 23:29:56'),(558,11,1,1,'2022-04-27 23:41:23'),(559,11,0,1,'2022-04-27 23:41:35'),(560,12,1,1,'2022-04-27 23:41:46'),(561,12,0,1,'2022-04-27 23:41:59'),(562,13,1,1,'2022-04-27 23:42:10'),(563,13,0,1,'2022-04-27 23:42:24'),(564,8,1,1,'2022-04-27 23:43:38'),(565,8,0,1,'2022-04-27 23:43:41'),(566,6,1,1,'2022-04-27 23:43:52'),(567,10,1,1,'2022-04-27 23:43:52'),(568,8,1,1,'2022-04-27 23:46:46'),(569,8,0,1,'2022-04-27 23:46:50'),(570,6,1,1,'2022-04-27 23:47:01'),(571,10,1,1,'2022-04-27 23:47:01'),(572,10,0,1,'2022-04-27 23:50:01'),(573,6,0,1,'2022-04-27 23:50:01'),(574,9,1,1,'2022-04-27 23:50:12'),(575,9,0,1,'2022-04-27 23:50:16'),(576,6,1,1,'2022-04-27 23:50:26'),(577,10,1,1,'2022-04-27 23:50:26'),(578,8,1,1,'2022-04-27 23:51:27'),(579,8,0,1,'2022-04-27 23:51:31'),(580,6,1,1,'2022-04-27 23:51:41'),(581,10,1,1,'2022-04-27 23:51:41'),(582,10,0,1,'2022-04-27 23:54:42'),(583,6,0,1,'2022-04-27 23:54:42'),(584,15,1,1,'2022-04-28 00:18:21'),(585,14,1,1,'2022-04-28 00:18:31'),(586,5,1,1,'2022-04-28 00:18:41'),(587,8,1,1,'2022-04-28 00:18:51'),(588,8,0,1,'2022-04-28 00:18:55'),(589,6,1,1,'2022-04-28 00:19:05'),(590,10,1,1,'2022-04-28 00:19:05'),(591,10,0,1,'2022-04-28 00:22:06'),(592,6,0,1,'2022-04-28 00:22:06'),(593,8,1,1,'2022-04-28 00:22:32'),(594,8,0,1,'2022-04-28 00:22:36'),(595,6,1,1,'2022-04-28 00:22:46'),(596,10,1,1,'2022-04-28 00:22:46'),(597,10,0,1,'2022-04-28 00:25:47'),(598,6,0,1,'2022-04-28 00:25:47'),(599,8,1,1,'2022-04-28 00:26:47'),(600,8,0,1,'2022-04-28 00:26:51'),(601,6,1,1,'2022-04-28 00:27:02'),(602,10,1,1,'2022-04-28 00:27:02'),(603,10,0,1,'2022-04-28 00:30:02'),(604,6,0,1,'2022-04-28 00:30:02'),(605,8,1,1,'2022-04-28 00:31:59'),(606,8,0,1,'2022-04-28 00:32:03'),(607,6,1,1,'2022-04-28 00:32:13'),(608,10,1,1,'2022-04-28 00:32:13'),(609,10,0,1,'2022-04-28 00:35:14'),(610,6,0,1,'2022-04-28 00:35:14'),(611,15,0,1,'2022-04-28 21:27:34'),(612,5,0,1,'2022-04-28 21:27:44'),(613,8,1,1,'2022-04-28 21:27:54'),(614,8,0,1,'2022-04-28 21:27:58'),(615,6,1,1,'2022-04-28 21:28:08'),(616,10,1,1,'2022-04-28 21:28:08'),(617,10,0,1,'2022-04-28 21:31:09'),(618,6,0,1,'2022-04-28 21:31:09'),(619,14,0,1,'2022-04-28 22:13:54'),(620,8,1,1,'2022-04-28 22:14:04'),(621,8,0,1,'2022-04-28 22:14:08'),(622,6,1,1,'2022-04-28 22:14:19'),(623,10,1,1,'2022-04-28 22:14:19'),(624,8,1,1,'2022-04-28 22:14:34'),(625,8,0,1,'2022-04-28 22:14:38'),(626,6,1,1,'2022-04-28 22:14:48'),(627,10,1,1,'2022-04-28 22:14:48'),(628,10,0,1,'2022-04-28 22:17:49'),(629,6,0,1,'2022-04-28 22:17:49'),(630,8,1,1,'2022-04-28 22:28:00'),(631,8,0,1,'2022-04-28 22:28:03'),(632,6,1,1,'2022-04-28 22:28:14'),(633,10,1,1,'2022-04-28 22:28:14'),(634,8,1,1,'2022-04-28 22:41:58'),(635,8,0,1,'2022-04-28 22:42:02'),(636,6,1,1,'2022-04-28 22:42:12'),(637,10,1,1,'2022-04-28 22:42:12'),(638,8,1,1,'2022-04-28 22:42:56'),(639,8,0,1,'2022-04-28 22:43:00'),(640,6,1,1,'2022-04-28 22:43:11'),(641,10,1,1,'2022-04-28 22:43:11'),(642,8,1,1,'2022-04-28 22:47:36'),(643,8,0,1,'2022-04-28 22:47:40'),(644,6,1,1,'2022-04-28 22:47:50'),(645,10,1,1,'2022-04-28 22:47:50'),(646,8,1,1,'2022-04-28 22:48:47'),(647,8,0,1,'2022-04-28 22:48:51'),(648,8,1,1,'2022-04-28 22:49:20'),(649,8,1,1,'2022-04-28 22:50:07'),(650,8,0,1,'2022-04-28 22:50:11'),(651,6,1,1,'2022-04-28 22:50:21'),(652,10,1,1,'2022-04-28 22:50:21'),(653,8,1,1,'2022-04-28 22:51:23'),(654,8,0,1,'2022-04-28 22:51:27'),(655,6,1,1,'2022-04-28 22:51:37'),(656,10,1,1,'2022-04-28 22:51:37'),(657,8,1,1,'2022-04-28 22:52:38'),(658,8,0,1,'2022-04-28 22:52:42'),(659,6,1,1,'2022-04-28 22:52:53'),(660,10,1,1,'2022-04-28 22:52:53'),(661,10,0,1,'2022-04-28 22:55:53'),(662,6,0,1,'2022-04-28 22:55:53'),(663,8,1,1,'2022-04-28 22:58:03'),(664,8,0,1,'2022-04-28 22:58:06'),(665,6,1,1,'2022-04-28 22:58:17'),(666,10,1,1,'2022-04-28 22:58:17'),(667,8,1,1,'2022-04-28 22:58:30'),(668,8,0,1,'2022-04-28 22:58:34'),(669,6,1,1,'2022-04-28 22:58:44'),(670,10,1,1,'2022-04-28 22:58:44'),(671,8,1,1,'2022-04-28 22:59:17'),(672,8,0,1,'2022-04-28 22:59:21'),(673,6,1,1,'2022-04-28 22:59:32'),(674,10,1,1,'2022-04-28 22:59:32'),(675,10,0,1,'2022-04-28 23:02:32'),(676,6,0,1,'2022-04-28 23:02:32'),(677,6,1,1,'2022-04-28 23:05:09'),(678,10,1,1,'2022-04-28 23:05:09'),(679,10,0,1,'2022-04-28 23:08:09'),(680,6,0,1,'2022-04-28 23:08:09'),(681,11,1,1,'2022-04-28 23:12:51'),(682,11,0,1,'2022-04-28 23:13:03'),(683,12,1,1,'2022-04-28 23:13:14'),(684,12,0,1,'2022-04-28 23:13:27'),(685,13,1,1,'2022-04-28 23:13:38'),(686,13,0,1,'2022-04-28 23:13:52'),(687,6,1,1,'2022-04-28 23:18:20'),(688,10,1,1,'2022-04-28 23:18:21'),(689,10,0,1,'2022-04-28 23:21:21'),(690,6,0,1,'2022-04-28 23:21:21'),(691,6,1,1,'2022-04-28 23:23:29'),(692,10,1,1,'2022-04-28 23:23:29'),(693,10,0,1,'2022-04-28 23:26:29'),(694,6,0,1,'2022-04-28 23:26:29'),(695,6,1,1,'2022-04-28 23:43:23'),(696,10,1,1,'2022-04-28 23:43:23'),(697,10,0,1,'2022-04-28 23:46:24'),(698,6,0,1,'2022-04-28 23:46:24'),(699,15,1,1,'2022-04-29 00:02:01'),(700,14,1,1,'2022-04-29 00:02:11'),(701,5,1,1,'2022-04-29 00:02:21'),(702,11,1,1,'2022-04-29 00:02:31'),(703,11,0,1,'2022-04-29 00:02:43'),(704,12,1,1,'2022-04-29 00:02:54'),(705,12,0,1,'2022-04-29 00:03:07'),(706,13,1,1,'2022-04-29 00:03:18'),(707,13,0,1,'2022-04-29 00:03:32'),(708,6,1,1,'2022-04-29 00:03:43'),(709,10,1,1,'2022-04-29 00:03:43'),(710,6,1,1,'2022-04-29 00:05:59'),(711,10,1,1,'2022-04-29 00:05:59'),(712,10,0,1,'2022-04-29 00:08:59'),(713,6,0,1,'2022-04-29 00:08:59'),(714,6,1,1,'2022-04-29 00:10:44'),(715,10,1,1,'2022-04-29 00:10:44'),(716,10,0,1,'2022-04-29 00:13:44'),(717,6,0,1,'2022-04-29 00:13:44'),(718,6,1,1,'2022-04-29 00:29:20'),(719,10,1,1,'2022-04-29 00:29:20'),(720,10,0,1,'2022-04-29 00:32:20'),(721,6,0,1,'2022-04-29 00:32:20'),(722,6,1,1,'2022-04-29 00:32:58'),(723,10,1,1,'2022-04-29 00:32:58'),(724,10,0,1,'2022-04-29 00:35:58'),(725,6,0,1,'2022-04-29 00:35:58'),(726,11,1,1,'2022-04-29 00:38:17'),(727,11,0,1,'2022-04-29 00:38:29'),(728,12,1,1,'2022-04-29 00:38:40'),(729,12,0,1,'2022-04-29 00:38:53'),(730,13,1,1,'2022-04-29 00:39:04'),(731,13,0,1,'2022-04-29 00:39:18'),(732,6,1,1,'2022-04-29 00:39:29'),(733,10,1,1,'2022-04-29 00:39:29'),(734,6,1,1,'2022-04-29 00:39:35'),(735,10,1,1,'2022-04-29 00:39:35'),(736,10,0,1,'2022-04-29 00:42:36'),(737,6,0,1,'2022-04-29 00:42:36'),(738,11,1,1,'2022-05-01 00:54:06'),(739,11,0,1,'2022-05-01 00:54:18'),(740,12,1,1,'2022-05-01 00:54:29'),(741,12,0,1,'2022-05-01 00:54:42'),(742,13,1,1,'2022-05-01 00:54:53'),(743,13,0,1,'2022-05-01 00:55:07'),(744,6,1,1,'2022-05-01 00:55:18'),(745,10,1,1,'2022-05-01 00:55:18'),(746,10,0,1,'2022-05-01 00:58:18'),(747,6,0,1,'2022-05-01 00:58:18'),(748,15,0,1,'2022-05-01 20:28:50'),(749,16,1,1,'2022-05-01 20:29:00'),(750,5,0,1,'2022-05-01 20:29:10'),(751,11,1,1,'2022-05-01 20:29:20'),(752,11,0,1,'2022-05-01 20:29:32'),(753,12,1,1,'2022-05-01 20:29:43'),(754,12,0,1,'2022-05-01 20:29:56'),(755,13,1,1,'2022-05-01 20:30:07'),(756,13,0,1,'2022-05-01 20:30:21'),(757,6,1,1,'2022-05-01 20:30:32'),(758,10,1,1,'2022-05-01 20:30:32'),(759,10,0,1,'2022-05-01 20:33:32'),(760,6,0,1,'2022-05-01 20:33:32'),(761,14,0,1,'2022-05-01 22:07:01'),(762,11,1,1,'2022-05-01 22:07:12'),(763,11,0,1,'2022-05-01 22:07:22'),(764,12,1,1,'2022-05-01 22:07:33'),(765,12,0,1,'2022-05-01 22:07:44'),(766,13,1,1,'2022-05-01 22:07:55'),(767,13,0,1,'2022-05-01 22:08:07'),(768,6,1,1,'2022-05-01 22:08:18'),(769,10,1,1,'2022-05-01 22:08:18'),(770,10,0,1,'2022-05-01 22:11:18'),(771,6,0,1,'2022-05-01 22:11:18'),(772,11,1,1,'2022-05-01 23:11:25'),(773,11,0,1,'2022-05-01 23:11:35'),(774,12,1,1,'2022-05-01 23:11:46'),(775,12,0,1,'2022-05-01 23:11:57'),(776,13,1,1,'2022-05-01 23:12:08'),(777,13,0,1,'2022-05-01 23:12:20'),(778,6,1,1,'2022-05-01 23:12:31'),(779,10,1,1,'2022-05-01 23:12:31'),(780,10,0,1,'2022-05-01 23:15:31'),(781,6,0,1,'2022-05-01 23:15:31'),(782,11,1,1,'2022-05-03 18:59:57'),(783,11,0,1,'2022-05-03 19:00:07'),(784,12,1,1,'2022-05-03 19:00:18'),(785,12,0,1,'2022-05-03 19:00:29'),(786,13,1,1,'2022-05-03 19:00:40'),(787,13,0,1,'2022-05-03 19:00:52'),(788,6,1,1,'2022-05-03 19:01:03'),(789,10,1,1,'2022-05-03 19:01:03'),(790,10,0,1,'2022-05-03 19:04:03'),(791,6,0,1,'2022-05-03 19:04:03'),(792,11,1,1,'2022-05-03 20:34:55'),(793,11,0,1,'2022-05-03 20:35:05'),(794,12,1,1,'2022-05-03 20:35:16'),(795,12,0,1,'2022-05-03 20:35:27'),(796,13,1,1,'2022-05-03 20:35:38'),(797,13,0,1,'2022-05-03 20:35:50'),(798,6,1,1,'2022-05-03 20:36:01'),(799,10,1,1,'2022-05-03 20:36:01'),(800,10,0,1,'2022-05-03 20:39:01'),(801,6,0,1,'2022-05-03 20:39:01'),(802,6,1,1,'2022-05-03 20:42:35'),(803,10,1,1,'2022-05-03 20:42:35'),(804,6,1,1,'2022-05-03 20:43:17'),(805,10,1,1,'2022-05-03 20:43:17'),(806,10,0,1,'2022-05-03 20:44:17'),(807,6,0,1,'2022-05-03 20:44:17');
/*!40000 ALTER TABLE `switch` ENABLE KEYS */;
UNLOCK TABLES;

--
-- Table structure for table `temperature`
--

DROP TABLE IF EXISTS `temperature`;
/*!40101 SET @saved_cs_client     = @@character_set_client */;
/*!50503 SET character_set_client = utf8mb4 */;
CREATE TABLE `temperature` (
  `id` int NOT NULL AUTO_INCREMENT,
  `value` varchar(45) DEFAULT NULL,
  `createdAt` datetime DEFAULT CURRENT_TIMESTAMP,
  PRIMARY KEY (`id`)
) ENGINE=InnoDB AUTO_INCREMENT=364 DEFAULT CHARSET=utf8mb4 ;
/*!40101 SET character_set_client = @saved_cs_client */;

--
-- Dumping data for table `temperature`
--

LOCK TABLES `temperature` WRITE;
/*!40000 ALTER TABLE `temperature` DISABLE KEYS */;
INSERT INTO `temperature` VALUES (1,'21','2021-12-06 06:31:54'),(2,'21','2021-12-06 06:31:56'),(3,'21','2021-12-06 06:33:57'),(4,'21','2021-12-10 11:43:23'),(5,'21','2021-12-10 11:43:23'),(6,'21','2021-12-10 11:43:23'),(7,'21','2021-12-10 11:43:23'),(8,'21','2021-12-10 11:43:23'),(9,'21','2021-12-10 11:43:23'),(10,'21','2021-12-10 13:49:01'),(11,'21','2021-12-10 13:49:01'),(12,'21','2021-12-10 13:49:01'),(13,'21','2021-12-10 13:49:01'),(14,'21','2021-12-10 13:56:53'),(15,'21','2021-12-10 13:56:53'),(16,'21','2021-12-10 13:57:03'),(17,'1','2021-12-13 16:46:48'),(18,'1','2021-12-13 16:47:12'),(19,'11','2021-12-14 16:30:40'),(20,'21','2021-12-08 15:34:40'),(21,'21','2021-12-08 15:34:41'),(22,'21','2021-12-08 15:39:00'),(23,'21','2021-12-09 00:41:38'),(24,'21','2021-12-09 00:41:38'),(25,'21','2021-12-09 00:42:22'),(26,'21','2021-12-09 00:42:22'),(27,'21','2021-12-09 00:42:22'),(28,'32','2021-12-09 19:52:17'),(29,'32','2021-12-09 19:52:17'),(30,'32','2021-12-09 19:52:17'),(31,'32','2021-12-09 19:52:17'),(32,'32','2021-12-09 19:52:17'),(33,'32','2021-12-09 19:52:17'),(34,'32','2021-12-09 19:52:17'),(35,'32','2021-12-09 19:52:17'),(36,'32','2021-12-09 19:52:17'),(37,'32','2021-12-09 19:52:17'),(38,'32','2021-12-10 00:06:31'),(39,'32','2021-12-10 00:06:31'),(40,'11','2021-12-12 22:56:26'),(41,'11','2021-12-12 22:56:31'),(42,'11','2021-12-12 22:56:41'),(43,'11','2021-12-12 22:57:50'),(44,'11','2021-12-12 23:03:13'),(45,'11','2021-12-12 23:04:29'),(46,'11','2021-12-12 23:05:12'),(47,'11','2021-12-12 23:05:49'),(48,'11','2021-12-12 23:06:42'),(49,'11','2021-12-12 23:07:23'),(50,'11','2021-12-12 23:08:01'),(51,'11','2021-12-12 23:12:45'),(52,'14','2021-12-12 23:13:23'),(53,'14','2021-12-12 23:14:02'),(54,'14','2021-12-12 23:17:29'),(55,'14','2021-12-12 23:17:40'),(56,'14','2021-12-12 23:17:51'),(57,'14','2021-12-12 23:18:24'),(58,'16','2021-12-12 23:26:13'),(59,'16','2021-12-12 23:28:49'),(60,'16','2021-12-12 23:29:51'),(61,'16','2021-12-12 23:30:08'),(62,'16','2021-12-12 23:30:34'),(63,'16','2021-12-12 23:30:40'),(64,'16','2021-12-12 23:30:49'),(65,'16','2021-12-12 23:33:55'),(66,'16','2021-12-12 23:36:14'),(67,'1','2021-12-12 23:40:57'),(68,'1','2021-12-12 23:41:01'),(69,'14','2021-12-13 00:10:22'),(70,'14','2021-12-13 00:10:25'),(71,'11','2021-12-13 19:21:48'),(72,'11','2021-12-13 19:23:02'),(73,'15','2021-12-13 19:23:33'),(74,'14','2021-12-14 21:52:04'),(75,'30','2021-12-14 21:57:58'),(76,'26','2022-05-01 00:00:00'),(77,'24','2022-05-01 00:05:00'),(78,'26','2022-05-01 00:10:00'),(79,'23','2022-05-01 00:15:00'),(80,'26','2022-05-01 00:20:00'),(81,'23','2022-05-01 00:25:00'),(82,'23','2022-05-01 00:30:00'),(83,'27','2022-05-01 00:35:00'),(84,'24','2022-05-01 00:40:00'),(85,'25','2022-05-01 00:45:00'),(86,'27','2022-05-01 00:50:00'),(87,'24','2022-05-01 00:55:00'),(88,'27','2022-05-01 01:00:00'),(89,'28','2022-05-01 01:05:00'),(90,'26','2022-05-01 01:10:00'),(91,'28','2022-05-01 01:15:00'),(92,'25','2022-05-01 01:20:00'),(93,'28','2022-05-01 01:25:00'),(94,'29','2022-05-01 01:30:00'),(95,'24','2022-05-01 01:35:00'),(96,'26','2022-05-01 01:40:00'),(97,'26','2022-05-01 01:45:00'),(98,'29','2022-05-01 01:50:00'),(99,'27','2022-05-01 01:55:00'),(100,'23','2022-05-01 02:00:00'),(101,'24','2022-05-01 02:05:00'),(102,'23','2022-05-01 02:10:00'),(103,'25','2022-05-01 02:15:00'),(104,'24','2022-05-01 02:20:00'),(105,'25','2022-05-01 02:25:00'),(106,'23','2022-05-01 02:30:00'),(107,'25','2022-05-01 02:35:00'),(108,'27','2022-05-01 02:40:00'),(109,'29','2022-05-01 02:45:00'),(110,'26','2022-05-01 02:50:00'),(111,'23','2022-05-01 02:55:00'),(112,'26','2022-05-01 03:00:00'),(113,'23','2022-05-01 03:05:00'),(114,'25','2022-05-01 03:10:00'),(115,'27','2022-05-01 03:15:00'),(116,'27','2022-05-01 03:20:00'),(117,'23','2022-05-01 03:25:00'),(118,'28','2022-05-01 03:30:00'),(119,'23','2022-05-01 03:35:00'),(120,'23','2022-05-01 03:40:00'),(121,'25','2022-05-01 03:45:00'),(122,'25','2022-05-01 03:50:00'),(123,'27','2022-05-01 03:55:00'),(124,'28','2022-05-01 04:00:00'),(125,'26','2022-05-01 04:05:00'),(126,'28','2022-05-01 04:10:00'),(127,'28','2022-05-01 04:15:00'),(128,'28','2022-05-01 04:20:00'),(129,'24','2022-05-01 04:25:00'),(130,'28','2022-05-01 04:30:00'),(131,'26','2022-05-01 04:35:00'),(132,'27','2022-05-01 04:40:00'),(133,'24','2022-05-01 04:45:00'),(134,'28','2022-05-01 04:50:00'),(135,'24','2022-05-01 04:55:00'),(136,'27','2022-05-01 05:00:00'),(137,'25','2022-05-01 05:05:00'),(138,'25','2022-05-01 05:10:00'),(139,'29','2022-05-01 05:15:00'),(140,'23','2022-05-01 05:20:00'),(141,'23','2022-05-01 05:25:00'),(142,'26','2022-05-01 05:30:00'),(143,'29','2022-05-01 05:35:00'),(144,'28','2022-05-01 05:40:00'),(145,'29','2022-05-01 05:45:00'),(146,'29','2022-05-01 05:50:00'),(147,'27','2022-05-01 05:55:00'),(148,'29','2022-05-01 06:00:00'),(149,'25','2022-05-01 06:05:00'),(150,'23','2022-05-01 06:10:00'),(151,'26','2022-05-01 06:15:00'),(152,'25','2022-05-01 06:20:00'),(153,'24','2022-05-01 06:25:00'),(154,'28','2022-05-01 06:30:00'),(155,'26','2022-05-01 06:35:00'),(156,'27','2022-05-01 06:40:00'),(157,'25','2022-05-01 06:45:00'),(158,'24','2022-05-01 06:50:00'),(159,'29','2022-05-01 06:55:00'),(160,'29','2022-05-01 07:00:00'),(161,'23','2022-05-01 07:05:00'),(162,'25','2022-05-01 07:10:00'),(163,'27','2022-05-01 07:15:00'),(164,'24','2022-05-01 07:20:00'),(165,'24','2022-05-01 07:25:00'),(166,'23','2022-05-01 07:30:00'),(167,'24','2022-05-01 07:35:00'),(168,'23','2022-05-01 07:40:00'),(169,'25','2022-05-01 07:45:00'),(170,'23','2022-05-01 07:50:00'),(171,'24','2022-05-01 07:55:00'),(172,'26','2022-05-01 08:00:00'),(173,'25','2022-05-01 08:05:00'),(174,'23','2022-05-01 08:10:00'),(175,'26','2022-05-01 08:15:00'),(176,'28','2022-05-01 08:20:00'),(177,'27','2022-05-01 08:25:00'),(178,'27','2022-05-01 08:30:00'),(179,'28','2022-05-01 08:35:00'),(180,'29','2022-05-01 08:40:00'),(181,'29','2022-05-01 08:45:00'),(182,'28','2022-05-01 08:50:00'),(183,'28','2022-05-01 08:55:00'),(184,'23','2022-05-01 09:00:00'),(185,'25','2022-05-01 09:05:00'),(186,'23','2022-05-01 09:10:00'),(187,'28','2022-05-01 09:15:00'),(188,'26','2022-05-01 09:20:00'),(189,'27','2022-05-01 09:25:00'),(190,'26','2022-05-01 09:30:00'),(191,'23','2022-05-01 09:35:00'),(192,'24','2022-05-01 09:40:00'),(193,'25','2022-05-01 09:45:00'),(194,'24','2022-05-01 09:50:00'),(195,'24','2022-05-01 09:55:00'),(196,'23','2022-05-01 10:00:00'),(197,'26','2022-05-01 10:05:00'),(198,'25','2022-05-01 10:10:00'),(199,'25','2022-05-01 10:15:00'),(200,'29','2022-05-01 10:20:00'),(201,'23','2022-05-01 10:25:00'),(202,'23','2022-05-01 10:30:00'),(203,'29','2022-05-01 10:35:00'),(204,'28','2022-05-01 10:40:00'),(205,'25','2022-05-01 10:45:00'),(206,'26','2022-05-01 10:50:00'),(207,'28','2022-05-01 10:55:00'),(208,'26','2022-05-01 11:00:00'),(209,'27','2022-05-01 11:05:00'),(210,'26','2022-05-01 11:10:00'),(211,'23','2022-05-01 11:15:00'),(212,'28','2022-05-01 11:20:00'),(213,'28','2022-05-01 11:25:00'),(214,'26','2022-05-01 11:30:00'),(215,'29','2022-05-01 11:35:00'),(216,'23','2022-05-01 11:40:00'),(217,'26','2022-05-01 11:45:00'),(218,'28','2022-05-01 11:50:00'),(219,'24','2022-05-01 11:55:00'),(220,'26','2022-05-01 12:00:00'),(221,'25','2022-05-01 12:05:00'),(222,'25','2022-05-01 12:10:00'),(223,'25','2022-05-01 12:15:00'),(224,'27','2022-05-01 12:20:00'),(225,'27','2022-05-01 12:25:00'),(226,'29','2022-05-01 12:30:00'),(227,'23','2022-05-01 12:35:00'),(228,'28','2022-05-01 12:40:00'),(229,'29','2022-05-01 12:45:00'),(230,'27','2022-05-01 12:50:00'),(231,'25','2022-05-01 12:55:00'),(232,'26','2022-05-01 13:00:00'),(233,'27','2022-05-01 13:05:00'),(234,'27','2022-05-01 13:10:00'),(235,'29','2022-05-01 13:15:00'),(236,'29','2022-05-01 13:20:00'),(237,'26','2022-05-01 13:25:00'),(238,'29','2022-05-01 13:30:00'),(239,'28','2022-05-01 13:35:00'),(240,'25','2022-05-01 13:40:00'),(241,'26','2022-05-01 13:45:00'),(242,'25','2022-05-01 13:50:00'),(243,'28','2022-05-01 13:55:00'),(244,'28','2022-05-01 14:00:00'),(245,'28','2022-05-01 14:05:00'),(246,'26','2022-05-01 14:10:00'),(247,'25','2022-05-01 14:15:00'),(248,'25','2022-05-01 14:20:00'),(249,'26','2022-05-01 14:25:00'),(250,'29','2022-05-01 14:30:00'),(251,'27','2022-05-01 14:35:00'),(252,'23','2022-05-01 14:40:00'),(253,'23','2022-05-01 14:45:00'),(254,'23','2022-05-01 14:50:00'),(255,'27','2022-05-01 14:55:00'),(256,'28','2022-05-01 15:00:00'),(257,'25','2022-05-01 15:05:00'),(258,'26','2022-05-01 15:10:00'),(259,'29','2022-05-01 15:15:00'),(260,'26','2022-05-01 15:20:00'),(261,'24','2022-05-01 15:25:00'),(262,'29','2022-05-01 15:30:00'),(263,'24','2022-05-01 15:35:00'),(264,'26','2022-05-01 15:40:00'),(265,'26','2022-05-01 15:45:00'),(266,'29','2022-05-01 15:50:00'),(267,'23','2022-05-01 15:55:00'),(268,'27','2022-05-01 16:00:00'),(269,'24','2022-05-01 16:05:00'),(270,'27','2022-05-01 16:10:00'),(271,'25','2022-05-01 16:15:00'),(272,'23','2022-05-01 16:20:00'),(273,'26','2022-05-01 16:25:00'),(274,'28','2022-05-01 16:30:00'),(275,'25','2022-05-01 16:35:00'),(276,'24','2022-05-01 16:40:00'),(277,'24','2022-05-01 16:45:00'),(278,'25','2022-05-01 16:50:00'),(279,'26','2022-05-01 16:55:00'),(280,'26','2022-05-01 17:00:00'),(281,'29','2022-05-01 17:05:00'),(282,'24','2022-05-01 17:10:00'),(283,'23','2022-05-01 17:15:00'),(284,'27','2022-05-01 17:20:00'),(285,'29','2022-05-01 17:25:00'),(286,'28','2022-05-01 17:30:00'),(287,'23','2022-05-01 17:35:00'),(288,'29','2022-05-01 17:40:00'),(289,'23','2022-05-01 17:45:00'),(290,'29','2022-05-01 17:50:00'),(291,'24','2022-05-01 17:55:00'),(292,'29','2022-05-01 18:00:00'),(293,'26','2022-05-01 18:05:00'),(294,'29','2022-05-01 18:10:00'),(295,'29','2022-05-01 18:15:00'),(296,'28','2022-05-01 18:20:00'),(297,'29','2022-05-01 18:25:00'),(298,'29','2022-05-01 18:30:00'),(299,'26','2022-05-01 18:35:00'),(300,'28','2022-05-01 18:40:00'),(301,'26','2022-05-01 18:45:00'),(302,'23','2022-05-01 18:50:00'),(303,'29','2022-05-01 18:55:00'),(304,'23','2022-05-01 19:00:00'),(305,'25','2022-05-01 19:05:00'),(306,'27','2022-05-01 19:10:00'),(307,'23','2022-05-01 19:15:00'),(308,'25','2022-05-01 19:20:00'),(309,'24','2022-05-01 19:25:00'),(310,'23','2022-05-01 19:30:00'),(311,'26','2022-05-01 19:35:00'),(312,'23','2022-05-01 19:40:00'),(313,'28','2022-05-01 19:45:00'),(314,'25','2022-05-01 19:50:00'),(315,'29','2022-05-01 19:55:00'),(316,'23','2022-05-01 20:00:00'),(317,'29','2022-05-01 20:05:00'),(318,'23','2022-05-01 20:10:00'),(319,'25','2022-05-01 20:15:00'),(320,'29','2022-05-01 20:20:00'),(321,'23','2022-05-01 20:25:00'),(322,'25','2022-05-01 20:30:00'),(323,'25','2022-05-01 20:35:00'),(324,'28','2022-05-01 20:40:00'),(325,'25','2022-05-01 20:45:00'),(326,'28','2022-05-01 20:50:00'),(327,'27','2022-05-01 20:55:00'),(328,'28','2022-05-01 21:00:00'),(329,'26','2022-05-01 21:05:00'),(330,'29','2022-05-01 21:10:00'),(331,'29','2022-05-01 21:15:00'),(332,'27','2022-05-01 21:20:00'),(333,'24','2022-05-01 21:25:00'),(334,'25','2022-05-01 21:30:00'),(335,'27','2022-05-01 21:35:00'),(336,'27','2022-05-01 21:40:00'),(337,'25','2022-05-01 21:45:00'),(338,'24','2022-05-01 21:50:00'),(339,'23','2022-05-01 21:55:00'),(340,'28','2022-05-01 22:00:00'),(341,'23','2022-05-01 22:05:00'),(342,'23','2022-05-01 22:10:00'),(343,'25','2022-05-01 22:15:00'),(344,'23','2022-05-01 22:20:00'),(345,'24','2022-05-01 22:25:00'),(346,'23','2022-05-01 22:30:00'),(347,'23','2022-05-01 22:35:00'),(348,'29','2022-05-01 22:40:00'),(349,'29','2022-05-01 22:45:00'),(350,'27','2022-05-01 22:50:00'),(351,'24','2022-05-01 22:55:00'),(352,'24','2022-05-01 23:00:00'),(353,'25','2022-05-01 23:05:00'),(354,'29','2022-05-01 23:10:00'),(355,'23','2022-05-01 23:15:00'),(356,'23','2022-05-01 23:20:00'),(357,'27','2022-05-01 23:25:00'),(358,'23','2022-05-01 23:30:00'),(359,'26','2022-05-01 23:35:00'),(360,'23','2022-05-01 23:40:00'),(361,'26','2022-05-01 23:45:00'),(362,'24','2022-05-01 23:50:00'),(363,'27','2022-05-01 23:55:00');
/*!40000 ALTER TABLE `temperature` ENABLE KEYS */;
UNLOCK TABLES;

--
-- Table structure for table `user`
--

DROP TABLE IF EXISTS `user`;
/*!40101 SET @saved_cs_client     = @@character_set_client */;
/*!50503 SET character_set_client = utf8mb4 */;
CREATE TABLE `user` (
  `id` int NOT NULL AUTO_INCREMENT,
  `name` varchar(45) DEFAULT NULL,
  `email` varchar(45) DEFAULT NULL,
  `password` varchar(100) DEFAULT NULL,
  `createdAt` datetime DEFAULT CURRENT_TIMESTAMP,
  PRIMARY KEY (`id`)
) ENGINE=InnoDB AUTO_INCREMENT=15 DEFAULT CHARSET=utf8mb4 ;
/*!40101 SET character_set_client = @saved_cs_client */;

--
-- Dumping data for table `user`
--

LOCK TABLES `user` WRITE;
/*!40000 ALTER TABLE `user` DISABLE KEYS */;
INSERT INTO `user` VALUES (1,'auto',NULL,NULL,'2021-12-25 13:18:28'),(2,'llewyn','kbj2060@naver.com','$2b$12$uz89FGbxgG5RbAN3wFGzAuD1MpyNiULuQhdFuD0aeHJrfKDp2tltC','2021-12-21 22:36:06'),(14,'김병진','kbj2060@gmail.com','$2b$12$O5.sJEjnh4/usXD4RwHmjOTHs.bWNcez/WNm5MPrXBDqh.RD8bO/C','2021-12-25 13:00:14');
/*!40000 ALTER TABLE `user` ENABLE KEYS */;
UNLOCK TABLES;

--
-- Table structure for table `watersupply`
--

DROP TABLE IF EXISTS `watersupply`;
/*!40101 SET @saved_cs_client     = @@character_set_client */;
/*!50503 SET character_set_client = utf8mb4 */;
CREATE TABLE `watersupply` (
  `id` int NOT NULL AUTO_INCREMENT,
  `quantity` float DEFAULT NULL,
  `createdAt` datetime DEFAULT CURRENT_TIMESTAMP,
  PRIMARY KEY (`id`)
) ENGINE=InnoDB AUTO_INCREMENT=12 DEFAULT CHARSET=utf8mb4 ;
/*!40101 SET character_set_client = @saved_cs_client */;

--
-- Dumping data for table `watersupply`
--

LOCK TABLES `watersupply` WRITE;
/*!40000 ALTER TABLE `watersupply` DISABLE KEYS */;
INSERT INTO `watersupply` VALUES (1,12,'2021-12-06 14:22:19'),(2,30,'2021-12-16 00:56:38'),(3,25,'2021-12-16 23:22:48'),(4,50,'2021-12-25 12:22:58'),(5,60,'2021-12-25 12:38:23'),(6,70,'2021-12-25 12:49:21'),(7,60,'2021-12-25 12:49:28'),(8,40,'2021-12-27 22:11:47'),(9,45,'2022-04-15 13:22:10'),(10,35,'2022-04-15 13:22:25'),(11,30,'2022-05-01 20:58:53');
/*!40000 ALTER TABLE `watersupply` ENABLE KEYS */;
UNLOCK TABLES;
/*!40103 SET TIME_ZONE=@OLD_TIME_ZONE */;

/*!40101 SET SQL_MODE=@OLD_SQL_MODE */;
/*!40014 SET FOREIGN_KEY_CHECKS=@OLD_FOREIGN_KEY_CHECKS */;
/*!40014 SET UNIQUE_CHECKS=@OLD_UNIQUE_CHECKS */;
/*!40101 SET CHARACTER_SET_CLIENT=@OLD_CHARACTER_SET_CLIENT */;
/*!40101 SET CHARACTER_SET_RESULTS=@OLD_CHARACTER_SET_RESULTS */;
/*!40101 SET COLLATION_CONNECTION=@OLD_COLLATION_CONNECTION */;
/*!40111 SET SQL_NOTES=@OLD_SQL_NOTES */;

-- Dump completed on 2022-05-06  0:08:42
